steer,accel,x,y,yaw,v_x,v_y,omega
-0.2981093933631994,0.4792692800560265,0.0,25.0,0.0,5.0,0.0,0.0
-0.455249754631574,0.7184299691183313,0.25,25.0,0.0,4.980184085250615,-0.14248041479065218,-0.1205603509767057
-0.523,1.4428627713416646,0.49900920426253076,24.992875979260468,-0.0060280175488352855,4.929009906544244,-0.29629178283986024,-0.2691467153005201
-0.523,2.0,0.7453659199055269,24.97657606036281,-0.01948535331386129,4.904408728181244,-0.41858305640289806,-0.4062355325696855
-0.523,2.0,0.990132019131736,24.950872976111974,-0.03979712994234556,4.9260022817670714,-0.49596622859523726,-0.5134675275198767
-0.523,1.8699300203995006,1.235250471346952,24.916294849596497,-0.0654705063183394,4.961394533534428,-0.5399642122502238,-0.596993827082753
-0.523,1.91095851900801,1.4810224024261178,24.87312483033129,-0.09532019767247704,5.000077148668392,-0.5598668858796183,-0.661754557903815
-0.523,2.0,1.7272270672875512,24.82146421615743,-0.12840792556766778,5.0472591372667,-0.5640726669948711,-0.7116719197186621
-0.523,1.8247396265992026,1.9739007002080906,24.761176358733938,-0.1639915215536009,5.1027384589125155,-0.5579622538124365,-0.7502135684613411
-0.523,1.8969327664448958,2.221060003097946,24.691999533590963,-0.20150219997666796,5.1514428165523976,-0.5435292199861546,-0.7802075695950215
-0.523,1.8100817502471707,2.46798156088435,24.613822093985245,-0.24051257845641905,5.204307776440798,-0.5251498895911859,-0.8033323438053265
-0.523,1.9929580819044728,2.7144523636744324,24.526336964002134,-0.28067919564668536,5.252435860892843,-0.5036311054058586,-0.8213708433763196
-0.523,2.0,2.959821613335714,24.429392401346597,-0.32174773781550137,5.308601128979254,-0.48178735346784335,-0.8353635367136022
-0.523,2.0,3.2040132485457553,24.322603554574805,-0.3635159146511815,5.36359326568586,-0.4591020077305885,-0.8466385206303653
-0.523,2.0,3.44650605993282,24.205793859520714,-0.40584784068269975,5.416787733961534,-0.43609082162897755,-0.8558314319437422
-0.523,2.0,3.6867362356407227,24.078833731613905,-0.44863941227988685,5.468020279798896,-0.41314178208488334,-0.8634091486051988
-0.3957797626250166,2.0,3.924121153950799,23.94163595342523,-0.4918098697101468,5.517203431597238,-0.39051615021208813,-0.8697259426794068
-0.43631789163116286,2.0,4.158065763014803,23.794157103033378,-0.5352961668441172,5.604713012366913,-0.31755167099023957,-0.8320376507957276
-0.39677978007709896,2.0,4.3910022877632,23.637553485658177,-0.5768980493839035,5.672045573756411,-0.27879940425399324,-0.817316073022507
-0.32269719353838805,1.9909139575872228,4.621102735921334,23.47118534266235,-0.6177638530350289,5.746775121759378,-0.23068265916367692,-0.7925224125841328
-0.17371088251978076,2.0,4.848653579277912,23.295352437149788,-0.6573899736642356,5.8346324896972925,-0.16076421967436824,-0.7462120489681298
-0.008042059039967117,2.0,5.074673582787176,23.11072602632493,-0.694700576112642,5.940119640161041,-0.039420158680341086,-0.6506025873434493
0.02395463788463989,2.0,5.301585314966662,22.919081814254362,-0.7272307054798145,6.0418785748644686,0.12466322222042082,-0.5054352384819129
0.001374152113242085,2.0,5.531398835527354,22.722905006633145,-0.7525024674039101,6.137564994087933,0.24442240541115395,-0.37610159063396176
0.11436324518990136,2.0,5.763766806372981,22.522084833225723,-0.7713075469356082,6.2328694288232125,0.30293100682538615,-0.2826846874174911
-0.06873778153088894,2.0,5.997773377894574,22.315706550056568,-0.7854417813064828,6.321870978805215,0.38607502547677336,-0.16164304712840422
-0.09367648139949614,2.0,6.234925929296973,22.105834127241604,-0.793523933662903,6.41507230545712,0.33443201382352583,-0.14197023484529353
0.14453127862029105,2.0,6.471802180798549,21.888919086004613,-0.8006224454051677,6.506881592747693,0.2748450155208829,-0.13942868314449175
-0.0054171953702778705,1.9556569006647895,6.708190313892115,21.66495866507264,-0.8075938795623923,6.595812411447065,0.3433623275620227,-0.04005726895951443
0.1352643573095082,1.9893848401999459,6.948560632972824,21.43851064158268,-0.809596743010368,6.692637502130111,0.29992806112505593,-0.02241579225616544
0.16813922453266825,2.0,7.190244036773525,21.206578504376065,-0.8107175326231763,6.785323629974916,0.32882014617294014,0.04903333395823288
0.17234934460589246,1.8783268467199832,7.435907302188851,20.972012077418704,-0.8082658659252646,6.876663511756904,0.34909985138377436,0.12041282463021338
0.21575092872757567,1.804120492820215,7.686032777161601,20.735446703430732,-0.8022452246937539,6.963786682732577,0.34711586424796914,0.1800240020186905
0.108321968852503,1.563304498647295,7.940534610345279,20.497190847530636,-0.7932440245928194,7.042290431109647,0.3478763712427359,0.24565782898821475
0.011403600087890872,1.8538208674419963,8.1999514563533,20.258464893303476,-0.7809611331434086,7.123522280990135,0.27511521964556296,0.2546649627917463
-0.1676711817201612,1.835605839522916,8.462604543505888,20.017500163542408,-0.7682278850038213,7.2200267168795635,0.16157722815246583,0.21912945843676135
-0.0860272973090571,1.7899657073510145,8.727829882964,19.77246393807338,-0.7572714120819832,7.294910145868739,-0.013559259414700875,0.11292977013829764
-0.03764453216239628,1.83518222973181,8.992429498047912,19.521412571970778,-0.7516249235750684,7.379984218253893,-0.0912087872476577,0.05506883965782171
0.16227219388162112,1.8006650144943448,9.258899059282323,19.266118255157988,-0.7488714815921773,7.470854905448037,-0.11571477250475291,0.026172523555776473
0.04301575179161794,1.7201558496532356,9.528564294903704,19.007567838383334,-0.7475628554143885,7.546677605003709,-0.02883835849880785,0.08560485552358012
0.08368090728101202,1.677534890231386,9.80430102815365,18.749978649463046,-0.7432826126382095,7.631822565328926,-0.032483604213120285,0.08739749469889596
-0.06329499588594956,1.597085702885442,10.084148841857223,18.490556930444868,-0.7389127379032647,7.712408003969701,-0.016479112564852003,0.10605107239889397
-0.09540847403265754,1.4822779175504668,10.368645002197237,18.23023845875316,-0.73361018428332,7.789762137047285,-0.0827782373546617,0.060021928666478486
-0.01272929054170355,1.406358177490151,10.65517074759184,17.966380327938595,-0.7306090878499961,7.8591813823829755,-0.1405120822899991,0.006909539741051615
-0.006936353662459007,1.3789219673091728,10.943145769845422,17.698917104907448,-0.7302636108629436,7.929466127762946,-0.13092764259204823,-0.003668861916091226
0.3008502007233872,1.213967334834761,11.234150951799139,17.429566177911788,-0.7304470539587481,7.998461818985547,-0.11605118179813141,-0.009653036351513291
0.2870026950414471,1.1599597861301545,11.528172661449188,17.15841422305828,-0.7309297057763238,8.012287520739294,0.045851840041049405,0.11002861844655058
0.2975577568894916,1.0555210540429203,11.827982180395477,16.89268619176544,-0.7254282748539962,8.032862665000248,0.13784979638670042,0.20930971600378845
0.23196428522752854,0.8593918868430498,12.133070600900558,16.631370733790767,-0.7149627890538067,8.050171049410112,0.18661493476534424,0.29864980979546
0.3512756767586311,0.5950985949653862,12.443129045742557,16.374536237609362,-0.7000302985640338,8.076607940135073,0.1663934797474118,0.3492313799775119
0.32187896760178003,0.8784877279107008,12.757347561355251,16.12073527037708,-0.6825687295651581,8.06055356848026,0.18284738174892728,0.4358909590275621
0.4445631213957401,0.9466205505751307,13.075845785459427,15.873604184248952,-0.66077418161378,8.070535651889898,0.15368131925550801,0.49783684826469043
0.4104671037584253,1.1784848568069641,13.39915310231969,15.63201509508017,-0.6358823392005455,8.044773843299339,0.1555331392413854,0.5909511372013657
0.39518455271074154,1.1352050073545865,13.727391897746045,15.399387205425588,-0.6063347823404772,8.046365993619576,0.11134952807690043,0.6573800399564453
0.3536728670335246,0.9394468618369545,14.061166497971552,15.17469735853436,-0.5734657803426549,8.050674532072449,0.042488885635328835,0.7062283116234085
0.2718983506238112,0.33023713715167163,14.40045777407972,14.958088623083095,-0.5381543647614845,8.055524321239085,-0.0528687346851176,0.7302599983842034
0.2271465600294047,0.7361182337725551,14.744949140961593,14.749375024755594,-0.5016413648422743,8.046103803489936,-0.18093373176156813,0.7168566718005773
0.2617328783261178,1.0482765815035566,15.093337868217699,14.547988323852998,-0.4657985312522454,8.059341746337468,-0.3079576815985699,0.6842346337334164
0.22909396469095125,1.2703506346468638,15.446458381702387,14.353243692987101,-0.4315867995655746,8.07445804951344,-0.39168163141557066,0.6671551271027887
-0.007866891938288932,1.2180345072209657,15.804968883153625,14.166573024205064,-0.3982290432104352,8.10363422469019,-0.47467863794496246,0.6379976260673678
0.11125269723239302,1.2015962092169785,16.16924109811571,13.987572264293702,-0.36632916190706677,8.149148121882599,-0.6534165713295164,0.5137429902871834
-0.06756649189304331,0.8561084036943265,16.537960708126754,13.811121789617438,-0.3406420123927076,8.185473180341843,-0.7058254170342018,0.4562370362470707
-0.08350167681271933,0.27499779792562223,16.911927112206907,13.641123170849733,-0.31783016058035407,8.210578663235138,-0.8189565238199609,0.3320964316991023
-0.045376390975074364,0.9512823772959182,17.289098561482927,13.473933376652461,-0.30122533899539894,8.209483505059557,-0.8769143213492903,0.21914692549925746
-0.10300018912011906,0.9742323622112846,17.668081975176474,13.310278045201672,-0.2902679927204361,8.247895397070701,-0.8694038682433913,0.13953551648718784
-0.09996602339710314,1.1353576314027092,18.05078355906132,13.150595229564322,-0.28329121689607667,8.289438157515953,-0.8626736669151787,0.04930321876748309
-0.036576852824500544,0.7504479442082584,18.436678296155378,12.99332880294922,-0.2808260559577025,8.343650548387178,-0.8227817533088297,-0.02434871194796971
-0.0169112379193399,0.20403586437612772,18.82611678441019,12.838179360205276,-0.282043491555101,8.383185299163765,-0.7270016891698525,-0.05784201838644513
0.007883111635969763,0.21976681442261858,19.218597604208657,12.686605536176353,-0.28493559247442324,8.396105749883045,-0.6187088053920613,-0.07489432201200949
0.18923334316635668,0.06023682017326912,19.612780424052556,12.538911983803091,-0.2886803085750237,8.4090209621893,-0.5056645011750588,-0.07577832038516548
0.16891109612525762,0.056575702002817085,20.008635564678954,12.394977856628978,-0.292469224594282,8.389557255787986,-0.3181484096098347,0.0012551534157610872
0.25924598663792203,0.4241372701055184,20.40571386024266,12.258803150501414,-0.2924064669234939,8.374992620723893,-0.19403969223222517,0.06280869980163575
0.18743043617399383,0.49997826668553924,20.803892143223088,12.128805316053636,-0.28926603193341216,8.360443023316385,-0.06812923032987503,0.15317077429802117
0.14088191448900395,0.14299212805763117,21.203575246755822,12.006300052510369,-0.2816074932185111,8.368575296486904,-0.025905731645743946,0.2042509421485925
0.40371249072115306,-0.013523621272680551,21.605162124153665,11.888774357866149,-0.27139494611108145,8.367236827019909,-0.03104845004729615,0.2292358626183037
0.523,0.2641428438650014,22.007794869792132,11.775126161867044,-0.2599331529801663,8.292099057484803,0.07176840138056359,0.3488437276163758
0.523,0.5290185731791553,22.40939434645087,11.672033950454786,-0.2424909665993475,8.189661730176416,0.16014534159340219,0.4879370005942887
0.523,1.117766524094001,22.808819842588573,11.581481272426872,-0.21809411656963307,8.110651244046315,0.18885991304130942,0.6071784540537728
0.5079787840005909,0.7676761588714348,23.206789160160092,11.502955789652692,-0.18773519386694443,8.068024602046899,0.17363071183592121,0.7074772253211736
0.4689790947203932,0.9703515977565162,23.604722679636037,11.436196254110529,-0.15236133260088575,8.017691120281915,0.12018303614712397,0.7862235200371854
0.4775489640189211,1.120482692187414,24.00187519204116,11.381292528860229,-0.11305015659902648,7.992708357212588,0.033478591808853014,0.8378272226491789
0.4785958391752446,1.2706636648394278,24.399148425878387,11.337873098584994,-0.07115879546656753,7.9678529904239825,-0.05657506259461706,0.8802453015361604
0.4633120388863362,1.100640686312676,24.79633173474169,11.306726281778325,-0.027146530389759504,7.945037412976814,-0.1490222799659452,0.9124826859227313
0.48308293792171936,1.2604968643296357,25.193234993102013,11.288495227591177,0.018477603906377066,7.913769523330325,-0.24569648778618786,0.9311050346295232
0.45432438548145987,1.491517249316283,25.589082904047924,11.283523459192082,0.06503285563785323,7.87597495445662,-0.3282788516751387,0.9487460978096953
0.45772402570519644,1.4677144653912717,25.983115897447842,11.292736022978186,0.112470160528338,7.855151738454114,-0.4154934698204841,0.9510303222608776
0.48671625627262144,1.3000756724502505,26.375723608982888,11.31617304470064,0.1600216766413819,7.825280592024785,-0.49016806933896845,0.9505781212811134
0.4441173729654204,1.0998338481645555,26.765893942054706,11.354321621226173,0.20755058270543758,7.76963529093474,-0.5428140818681324,0.9556769656548806
0.3671650984624194,1.0571524626156381,27.151631051578494,11.407815373574127,0.2553344309881816,7.717203232794665,-0.6017047317940842,0.9439337777774975
0.26219320845332467,1.0417777657567342,27.532579794186223,11.476161853416842,0.3025311198770565,7.685755895936713,-0.6755785317085417,0.9055493109918715
0.2463821139819664,0.8732878688991846,27.909479328192262,11.558410661171779,0.34780858542665005,7.678479843695737,-0.7699555446696245,0.8322648237985021
0.2180957613332032,0.9352143339331235,28.283536198522693,11.653074109163203,0.38942182661657515,7.662150009319239,-0.8323612367063867,0.7627354655023726
0.19804699220489702,1.0927520408060207,28.653760396823348,11.760020184251738,0.42755859989169376,7.653390587963012,-0.874801284829994,0.692218313468386
0.13328454139003407,1.0843765906225464,29.02011915250514,11.878891644598381,0.46216951556511304,7.656453472517001,-0.8970186495322988,0.6248378676957748
0.10726378894694152,0.980213024576788,29.38277747161876,12.00944335528709,0.49341140894990176,7.671600133558265,-0.9240876244421404,0.5426844665896905
0.06572179750575226,0.8886531601085025,29.742488836812598,12.150426333399807,0.5205456322793863,7.687156913153759,-0.9319231087881678,0.46391693096478104
0.04316781109942261,0.962491150556891,30.09911245719803,12.301163683129532,0.5437414788276254,7.705687577474934,-0.9320202224898118,0.3818893358463281
0.1005406080272947,1.027242547422978,30.45293939456706,12.460607106430727,0.5628359456199418,7.733299153999339,-0.9160102566828838,0.3052313940881505
0.16498126753265427,1.01119171630331,30.80439801202692,12.628190866688673,0.5780975153243493,7.761510335155616,-0.8485338246068955,0.26689563939616423
0.1802337400940118,1.0638644878142514,31.152595994035313,12.804715075115888,0.5914422972941575,7.781025453626621,-0.7465101568088247,0.2638385030132708
0.167772759854997,1.1972708562811551,31.49637316646684,12.990648778422994,0.6046342224448211,7.802715857442672,-0.6507030842421603,0.27059838208117604
0.1415940600404279,1.222257022633711,31.835836789335566,13.185658834287844,0.6181641415488799,7.835781702040552,-0.5770777211431595,0.274198744482429
0.055960863648364015,1.1890164611919425,32.17184485002616,13.389201992111012,0.6318740787730013,7.876345729514859,-0.5279307251036806,0.2689861119289657
0.0958446547461962,1.2019933332487194,32.50521600316628,13.600513389123613,0.6453233843694496,7.9261738576946525,-0.5262964500346369,0.23086598022192711
0.11255828158772656,1.132156580298665,32.837656350667466,13.817852905301864,0.656866683380546,7.973835723451951,-0.49266815091694777,0.21644650724976267
0.12292631454092674,1.1883274331441767,33.168426247921865,14.04180205175956,0.6676890087430342,8.016889400346312,-0.45080084668312004,0.21270947081152938
0.16338533685052573,1.0562926353074507,33.497147421780824,14.272294421500241,0.6783244822836106,8.062222838543295,-0.4089572429535418,0.2153442895434441
0.14486220552208512,0.9329372703114623,33.823850722295205,14.509321131482986,0.6890916967607829,8.095542243147564,-0.35443660394218013,0.23551931556104938
0.09843896157999284,0.9918165321821197,34.14753554230596,14.75301501956106,0.7008676625388354,8.126664447061072,-0.32360362004576637,0.24648965904012282
0.17627665721213315,0.8328717660635131,34.46852338287002,15.002685386355166,0.7131921454908415,8.167073178388499,-0.3241712078832734,0.2374857112318469
0.17267473294551,0.7609483280940592,34.78795644307445,15.257593111289827,0.7250664310524338,8.188702575809588,-0.2839946395075663,0.26216613537562616
0.210270495328535,0.86997470095941,35.10381741446298,15.518496549039014,0.7381747378212151,8.208216154004601,-0.2601626066088614,0.2825398363829966
0.29622059301804643,0.7782623892209076,35.416151177776534,15.78505585355912,0.7523017296403649,8.226717173802031,-0.22976377776575388,0.3153704222124254
0.33444936033581857,0.7790139006120855,35.72432500752716,16.05774259284999,0.7680702507509862,8.220835873186179,-0.17676493781618932,0.37674947533449155
0.34111051863161995,0.7485892210435175,36.02610828607805,16.336956352413953,0.7869077245177108,8.206301153511639,-0.13675972775083486,0.44350294861504413
0.3465488981227907,0.8989797201626776,36.32064901654376,16.62270267821689,0.8090828719484631,8.190792493741554,-0.1233938461652144,0.5027887105610921
0.23940092906959823,0.8573257803239746,36.60776259533951,16.914809785564707,0.8342223074765177,8.1826897908605,-0.13107721958951932,0.5545510896138827
0.19409172260225077,0.8841739639373373,36.88745524910076,17.213483525721685,0.8619498619572118,8.20047195442304,-0.20425419054737423,0.5572336490479683
0.2113233208017078,0.5563573139860795,37.16211621529443,17.51808983519942,0.8898115444096102,8.2250646685812,-0.291038307774844,0.5395536844103962
0.17230280526783165,0.6995331720762947,37.432330323181205,17.82845303557326,0.91678922863013,8.226707404007831,-0.35224906916305665,0.5295532377304863
0.21303639643119066,0.6653274854715983,37.69655321487914,18.14419541283278,0.9432668905166544,8.239953886279144,-0.4207204411284595,0.5038079346440729
0.21243374694125086,0.5705803341657031,37.95548454359077,18.465348306881086,0.968457287248858,8.241770125225885,-0.4517970149726405,0.4969014450659256
0.17663441310089317,0.5965867717821113,38.2075764361035,18.792115679914044,0.9933023595021543,8.23784914869459,-0.47638500772263054,0.49003952744933355
0.12324842867651942,0.8094507663675787,38.4523958074012,19.124209384488488,1.017804335874621,8.241105651841055,-0.5120876742571586,0.4692602286649835
0.05056787218556205,0.8869431997346419,38.69061014912143,19.461402308162945,1.0412673473078702,8.261939657406128,-0.56193839465885,0.4291385123717372
0.06556237500152703,0.6873658597505237,38.923525450068595,19.803731121936668,1.062724272926457,8.292573839610961,-0.6271036064475598,0.36416671792599276
0.09263183279104091,0.4840232500198393,39.152634232976965,20.15073150398371,1.0809326088227567,8.312382910999512,-0.6520928590399903,0.31478735530539587
0.11326186849495572,0.5049831085863055,39.37695562283444,20.50213191795918,1.0966719765880264,8.320260312626392,-0.6415072128212548,0.2843614983048732
0.17016263874584722,0.7390894525606964,39.595427562424845,20.85761141040076,1.11089005150327,8.327680492881386,-0.6108852761828037,0.26784373927804156
0.2244109134741832,0.6166322492696908,39.80761602691788,21.217173176397264,1.124282238467172,8.338731066414665,-0.5515223832406778,0.27813638087500325
0.16682669619125404,0.5801747473617272,40.01253174286608,21.581324355443062,1.1381890575109221,8.333579289690876,-0.4780758813350183,0.30993608503436026
0.11616801422861299,0.5085590290603029,40.208921616179225,21.949595679978035,1.1536858617626402,8.339914162730143,-0.45285230685977357,0.3156907191599013
0.14329868564026652,0.45946165186508264,40.39855637794797,22.321666594942844,1.1694703977206353,8.350690481259432,-0.4575174631926841,0.3004998245696262
0.16860276100364602,0.42346754187188923,40.58272000014711,22.697089216285512,1.1844953889491165,8.355437078998559,-0.44270505961943146,0.2989174354521782
0.2354177900794012,0.46975837297293727,40.76062570016643,23.075735295464906,1.1994412607217255,8.354674224506114,-0.4170390347821358,0.3083245755092856
0.21723806229974157,0.5310427059791105,40.9316428772101,23.45742808101555,1.2148574894971897,8.343161032584204,-0.36706417163357774,0.34337397950186616
0.20126049391117118,0.5782003150646554,41.0942129807533,23.842043007582728,1.232026188472283,8.340111955784634,-0.3450613653914558,0.3669362695053101
0.1849831694697923,0.5830478357040328,41.249067834036175,24.229614047995977,1.2503730019475485,8.343251927378068,-0.34233159685296677,0.38092140363811217
0.08951676840714916,0.49972095740773836,41.39670623899461,24.620152791907618,1.269419072129454,8.349692975673014,-0.3530671976659764,0.38621256043380425
0.12461780470313928,0.6130215218154322,41.53748827125752,25.01358066646292,1.2887297001511442,8.36422165279667,-0.4108374330136589,0.3511461988433284
0.12646433295349807,0.5393396000653103,41.67362374911719,25.40954734410337,1.3062870100933106,8.379695235701709,-0.4311762398424342,0.33497818542906227
0.14536360254106634,0.5950089334479118,41.803970331902995,25.80832394991003,1.3230359193647636,8.390957609127014,-0.44202352893563807,0.3217856381514613
0.056061310666297874,0.5312867961536603,41.9282837697418,26.20964060190499,1.3391252012723367,8.402266746270593,-0.43766694108580456,0.31830054319922974
0.1694571440444439,0.38515772958591554,42.046042321019044,26.613505703972617,1.3550402284322982,8.41996708693755,-0.4765098490911139,0.2784554181610578
0.08311482254070719,0.17797822183513995,42.15944529264057,27.019642422924363,1.3689629993403511,8.416565965672916,-0.43961554539080905,0.29106780770978335
0.05006000368480041,0.320120872586634,42.265341548219666,27.427521809826924,1.3835163897258402,8.415015712713215,-0.45369587166016356,0.2670595278090848
0.09554906388324975,0.40514730900300905,42.365968045362344,27.836691861939396,1.3968693661162945,8.423212324071004,-0.47342718537244954,0.23269653894985431
0.14004520100077691,0.4239750007487375,42.46216469891947,28.247401980800603,1.4085041930637872,8.43214007573635,-0.45523303145351995,0.22250176674729277
0.12006750202236803,0.5605477799026002,42.55275078207025,28.6597910203783,1.4196292814011517,8.43672694609113,-0.4139314343123929,0.2328740912426674
0.008661431238049317,0.5123859512891853,42.63673649720986,29.07370000994064,1.4312729859632851,8.451590158899627,-0.3920324811854843,0.23448905657623326
-0.11752141285490661,0.5157641018581341,42.71491623888431,29.489447039025034,1.4429974387920967,8.472479312654016,-0.42891018588838775,0.1897949521477733
-0.24725614819051706,0.3781001598178262,42.79017827798063,29.9068830216599,1.4524871863994855,8.488797709299684,-0.5068791093282693,0.09835861250571137
-0.14438008806292643,0.34602634286846273,42.86544312591178,30.325364484950825,1.457405117024771,8.480666270990575,-0.6012941495823351,-0.03286694775038432
-0.21115253110446747,0.3120049982182672,42.943293442029685,30.743272926976037,1.4557617696372518,8.493932942850455,-0.5835450619504308,-0.10415323680231806
-0.1999297117880666,0.5936338436305652,43.02102497053414,31.161813682063016,1.4505541077971358,8.4990208300773,-0.5725110456912585,-0.1908018505782861
-0.17240871416803483,0.4920139548009571,43.10041785184615,31.58026269964556,1.4410140152682214,8.523385214535542,-0.5247302378455034,-0.2587489991400005
-0.24939516782883334,0.465994281882106,43.181587813139075,31.9994524308275,1.4280765653112213,8.548084322090139,-0.44268687260318473,-0.3033489298371801
-0.2561660950313382,0.3387104861799049,43.26428927045298,32.41936285231046,1.4129091188193623,8.558498120385279,-0.38980970351024014,-0.36972169160355023
-0.21501492488336482,0.2562333689821832,43.35082083563663,32.83890056507398,1.3944230342391848,8.561959481536958,-0.32021627165699973,-0.42682519528742535
-0.1394510720371139,0.3301464188784628,43.441697460550714,33.25754798308167,1.3730817744748136,8.568497868948423,-0.21738319795799807,-0.4566436346405504
-0.12127973318121872,0.3900856331727714,43.53650990860456,33.67549131375744,1.350249592742786,8.586108865869456,-0.07916880582025057,-0.4480620292189969
-0.07510288678559868,0.26693266412044114,43.63428867723023,34.09353215541886,1.3278464912818362,8.604079720457534,0.04757680543878079,-0.4297669269551348
-0.07909589727591368,0.2973303876026588,43.73547252606793,34.51167442451564,1.3063581449340795,8.615440075571765,0.17445502529560977,-0.3918466625486426
-0.12417385169461112,0.1167795838370849,43.83964257713802,34.929752414954145,1.2867658118066474,8.624937295619898,0.2686179735609113,-0.3584177556763032
-0.07513692308510221,0.04741212530311153,43.94759679385209,35.347484547446236,1.2688449240228323,8.61917190803423,0.31539136175830595,-0.34671651603279224
0.004072846947264244,0.0384478527185243,44.06070081583135,35.76363532593933,1.2515090982211927,8.613540624639983,0.3755086624004964,-0.3151519776347615
0.06946405099240685,0.07988383112258793,44.17805947173654,36.17843909641856,1.2357514993394547,8.609542600598031,0.4547923962223602,-0.25357825821259755
0.058674294562177896,0.138286133090344,44.29813010852201,36.59245683996328,1.2230725864288248,8.60606311723841,0.5321877605157967,-0.17210495799534942
0.11307248236115176,0.05023053521951261,44.41974279984298,37.00607407701404,1.2144673385290572,8.607832395770743,0.5621712876342065,-0.10610273813516492
0.0757016099811348,0.13989548917479572,44.543536079144985,37.419235379383295,1.209162201622299,8.60389663223555,0.5889265402283765,-0.026974030348039427
0.13119248394147304,0.15090783355996346,44.668198623092806,37.83202337515886,1.2078135001048969,8.609676071119592,0.5626416441138126,0.024605038090283624
0.1558368446338079,0.198876309301795,44.794748995999655,38.244446364685864,1.209043752009411,8.613796520400161,0.54681301715485,0.09054442241628027
0.06811928692262523,0.2797535214770447,44.92160501164395,38.65693732061256,1.213570973130225,8.619926031460817,0.519095347830763,0.1558215084299099
0.07849240098763714,0.30632058927466493,45.047997856626296,39.069800870296056,1.2213620485517207,8.638340575891414,0.42585209628066245,0.17332139972698044
-0.0038851932067857677,0.28238179667722557,45.175865885033495,39.48290553269259,1.2300281185380697,8.657049164032037,0.3425725304561516,0.19002971341287775
-0.014401691193097685,0.3102791652929251,45.30438633592318,39.89659277460469,1.2395296042087136,8.674280824362533,0.22177101512363265,0.16714100056684741
-0.030869382947010793,0.28262427435196885,45.43496230710506,40.310332718600364,1.247886654237056,8.691202649482955,0.1199432704763789,0.14035601439617762
0.028870004926193668,0.4426893989772685,45.5671728457411,40.72433615841681,1.2549044549568649,8.705210758309143,0.03322801334924147,0.10826264571177913
0.1261158497646382,0.4721084165574846,45.70081357788016,41.138576005404,1.260317587242454,8.727360791162976,3.0542904489568035e-05,0.10428831291943905
0.1718121268235988,0.34574108323322716,45.83412889643066,41.55408062847086,1.2655320028884258,8.743861724067461,0.020593393809562956,0.14089528820793829
0.23381973176603918,0.43437579752932287,45.96454315345751,41.97137066718235,1.2725767672988226,8.74832314542655,0.04590696730855512,0.19108959791297936
0.20322637174825256,0.3075032688482642,46.0908702180828,42.39015418644892,1.2821312471944717,8.746784236433657,0.07712433717493677,0.25890418737834836
0.2583448727225978,0.23730606414189764,46.2116721273987,42.810496136902245,1.2950764565633892,8.746824172694792,0.0628635354649229,0.304890470437997
0.24989086114980383,0.23292257698745047,46.327709304173844,43.23217443363611,1.310320980085289,8.732462449726754,0.05745175634768228,0.36505105615320893
0.2879130631135326,0.19295002997553967,46.437381487748404,43.65480904532862,1.3285735328929495,8.720757603624357,0.024905644173913284,0.41237732137998934
0.21909119164085863,0.21538379860279297,46.540761093780105,44.078416458787636,1.349192398961949,8.69783229942057,-0.00514687200163148,0.46598247674216003
0.20896179555505287,0.0982563789953346,46.636598977589145,44.50261674523832,1.372491522799057,8.69101255546528,-0.08399332944084324,0.4835200088211946
0.161461870165038,-0.13815329855191588,46.72632613295407,44.92782366296983,1.396667523240117,8.677565718310015,-0.16462128789287486,0.49210292042420123
0.01838432827180584,-0.004115835267714335,46.80960221766544,45.35371474191512,1.421272669261327,8.657119672230149,-0.26072598366340183,0.4778397099659626
0.07392861731902105,0.1342207277818482,46.88697436983971,45.77979900319756,1.445164654759625,8.650796983710782,-0.40922684582585905,0.4032814423189944
-0.023575721512159014,0.1850981146870207,46.961472321622715,46.20636604698077,1.4653287268755748,8.64666538281352,-0.48155593182803735,0.3600589802143038
0.11578668496971803,0.3376260402947843,47.03092899523397,46.63376231086877,1.48333167588629,8.647075168732039,-0.5761845903960261,0.28061382015957914
0.038636877600769615,0.31927611030961844,47.09739557234431,47.06194677843738,1.497362366894269,8.647359417265877,-0.5585230717651999,0.26986139208126053
0.05640320602786753,0.3537805984787543,47.156968427149735,47.49110060546565,1.510855436498332,8.654423082022493,-0.5768422492582794,0.22902362100151047
0.12402671661603573,0.3106550111598217,47.21168090361288,47.921316841302,1.5223066175484075,8.662819269089217,-0.5680043669518005,0.20170002223332048
0.11803967199403344,0.1522275642566271,47.26104239030639,48.35257211403018,1.5323916186600735,8.662447230702885,-0.516126017046186,0.20711494043629639
0.16862354415696892,0.4102121205842307,47.30345951158624,48.78438426421564,1.5427473656818882,8.655790004346079,-0.4753180465008583,0.21056189723767693
0.13604303990264943,0.4479097192224905,47.33935376985191,49.216337006810505,1.553275460543772,8.654753300816811,-0.4171972575564115,0.23514514257680225
0.15199972756607114,0.3870497444637257,47.36779198186216,49.64864278831469,1.565032717672612,8.661750163500061,-0.39182015933578307,0.2441229292578835
0.057542936766388476,0.1715944385257314,47.38987879772403,50.081610188814395,1.5772388641355062,8.663715147070155,-0.3654477086281323,0.2589164856339156
0.09438028255756506,0.010629930587364944,47.405360007836165,50.51490467594382,1.590184688417202,8.665633884737325,-0.3941860502211598,0.23286239837890454
-0.01679150192981424,-0.04291459106393655,47.416665510144334,50.94848704272527,1.6018278083361472,8.656377476330935,-0.3903304272542324,0.22562283821221035
-0.0001636883306000425,-0.02105393736219556,47.42274378009054,51.381703070559404,1.6131089502467577,8.649827443344076,-0.43912376643419215,0.17275169737411547
0.017036173280578312,-0.005207195410269226,47.426385932105006,51.81473609000872,1.6217465351154634,8.644985477466818,-0.452230576741503,0.13399633120628032
-0.051824372846831876,0.2183174687490513,47.42695445502192,52.24757600589226,1.6284463516757774,8.641250157912912,-0.4395850707562486,0.10829643412844284
-0.057806383327123956,0.2183888096579632,47.42400257503931,52.68018713002076,1.6338611733821995,8.649389871759466,-0.4532412294600888,0.05786154677153922
0.014444554300182275,0.08372378267714406,47.41936403875499,53.113225137469975,1.6367542507207764,8.658614361552571,-0.4481473664085871,0.012559603229702232
0.10447851271282854,0.05883306483074003,47.41318817248867,53.54669134778644,1.6373822308822614,8.662046928369538,-0.3892286723270252,0.005134798053275116
0.022969704454950987,0.13957130084680078,47.40378927324495,53.98012882951201,1.6376389707849253,8.657128627520285,-0.29015068111555864,0.03815797566377613
0.0902467807914042,0.25976176755851893,47.38935268216955,54.412987632779405,1.6395468695681141,8.662956703499296,-0.25727779057447436,0.034355019728407515
0.06393284781810403,0.3246291925419093,47.37243048709436,54.84599590762459,1.6412646205545345,8.670288701560112,-0.1938375180701608,0.06027921387643627
0.11121131994328914,0.43792626707810095,47.35157456354315,55.279116824150634,1.6442785812483562,8.683419703192737,-0.161837816086144,0.07274775584738141
0.139567327079161,0.3927659348686185,47.32776945853346,55.71271022819036,1.6479159690407252,8.698029469397339,-0.11566692498733064,0.10384824533125724
0.08797315459839403,0.35814008076616693,47.300029404959716,56.14676463508865,1.653108381307288,8.707346042234894,-0.07389725888278154,0.1429978092497775
0.009709781968309107,0.24223733315324064,47.26791623373289,56.58096169172767,1.660258271769777,8.72128016269525,-0.07837278392585884,0.1556967076557326
-0.037578393406596175,0.03734228932734415,47.232860084177396,57.015631959059185,1.6680431071525637,8.732785992329655,-0.12645819095796715,0.1333421225169559
-0.0699702984984791,-0.15534254143450382,47.19675824826847,57.45082216414051,1.6747102132784115,8.733060408691692,-0.18312576429859392,0.0933064226360415
-0.026292162235288925,-0.10675824884494262,47.160572448599574,57.886069548705706,1.6793755344102137,8.722316903697616,-0.23245163645500921,0.04445128449746584
-0.02176207410509033,-0.09657007199957561,47.12486646256594,58.32087662936438,1.681598098635087,8.7163952674171,-0.23404732365782704,0.020401506095546282
-0.08069445681016439,-0.007766908642995618,47.08830621326245,58.75531783331466,1.6826181739398642,8.711357118505829,-0.22347510212403962,0.001997689433196715
-0.02087353777293412,-0.05259072194355478,47.05080562079264,59.189412195732494,1.682718058411524,8.708718063934455,-0.23630739688603497,-0.038102979258035796
-0.03506548772845462,-0.08568453544138555,47.01391400713456,59.623443343922354,1.6808129094486222,8.706655263292493,-0.2015034152964455,-0.04699409261180236
0.05201376060154629,-0.06215797842622166,46.976130999837736,60.0572504071545,1.6784632048180321,8.702740751693884,-0.17458441158882104,-0.05959617708032683
-0.0034029407135309697,-0.11423654279668624,46.938050290356216,60.49080582499089,1.6754833959640159,8.698084299823181,-0.10255548958010748,-0.032729288290881973
0.005601296599604278,-0.19986629890252539,46.89770426001461,60.92386490655351,1.6738469315494717,8.692562011946789,-0.07807712121831892,-0.031644174231475794
0.04072275321681549,0.02021788899950662,46.85687794706746,61.356588881036245,1.672264722837898,8.682640576887527,-0.05260885342145163,-0.026290896786290444
0.04825814948021874,0.21182798897175606,46.81551973026872,61.78875439979082,1.6709501779985834,8.682700529540718,-0.015073776961350663,-0.006282920749507384
-0.01083193967218098,-0.02161737630614692,46.77286200124705,62.22078924493159,1.670636031961108,8.692071603613277,0.013434810577433363,0.014713045702197673
-0.007243906997973807,0.02585956842240883,46.72887496281772,62.65316161175376,1.6713716842462178,8.690923499993005,0.000413924030619614,0.008156456723043434
-0.048994196326433745,0.028534370747761644,46.6852233787322,63.0855097560102,1.67177950708237,8.692186498751171,-0.0065324398057356355,0.0038166948138147836
-0.12481089181049075,0.13469931177925906,46.64173465937639,63.51793790413818,1.6719703418230607,8.692418810216425,-0.03170612590520848,-0.017656090916059866
-0.13800564852220154,0.06048267534934759,46.59941449304704,63.950496430407654,1.6710875372772578,8.691779157953933,-0.0825766030257182,-0.06810023609055654
-0.13660724537625274,0.039301114274049295,46.56001015277017,64.38331499231596,1.6676825254727299,8.686838050421349,-0.11326418568928676,-0.1173903784188064
-0.06596945334137384,0.046529743251655376,46.5236308724185,64.8161677480957,1.6618130065517895,8.682065960719044,-0.11967599662350739,-0.15915228630524433
0.04752926264770577,0.09872239433976035,46.49013379216066,65.2490180973393,1.6538553922365273,8.684289127319088,-0.07372276357688624,-0.16499424487416964
0.06155545278665402,0.10577725682061612,46.45778322951968,65.68204144870579,1.645605679992819,8.688006031548943,0.025427793480024122,-0.12078735108864422
-0.039676100395973794,0.009094959511769099,46.424048493183626,66.11513174645745,1.6395663124383868,8.690867597668895,0.1013698091558105,-0.07510420173159404
0.0015343742660555012,0.047737564304222824,46.38913199043169,66.54829970052565,1.6358111023518072,8.690111959846353,0.09885311374674811,-0.07743517680381666
0.0069818819668579415,-0.016102309556517536,46.35597039028442,66.98156619219974,1.6319393435116163,8.692115978280082,0.11819646900236169,-0.062040749189606344
0.12872969800544282,-0.16681529050368712,46.32351505463696,67.4149987447969,1.628837306052136,8.690939975716777,0.13161187968131133,-0.046274964590258386
0.16533509766103535,-0.02571722382450431,46.2917381668813,67.84843227808145,1.626523557822623,8.674628930480926,0.19726288505960118,0.01844222831096555
0.1625967097731191,-0.23449734521384286,46.25773218974009,68.2809410558387,1.6274456692381711,8.661983408719689,0.2465482096725196,0.08974270071865242
0.06354296967906406,-0.1618945554724562,46.22090289151126,68.7126475061884,1.6319328042741037,8.641435188420882,0.2595309343975717,0.15000428494254775
-0.003668333454155504,-0.05031440080024896,46.18155169509441,69.14311920025729,1.6394330185212311,8.63483296898918,0.1982295676113894,0.1597938287265164
0.07436491980128435,0.11915142683646278,46.14205349717604,69.57316452434621,1.647422709957557,8.633815533033937,0.1074621567176543,0.1380103038189925
0.043472733456782583,-0.06631704236842095,46.10364961466722,70.00317724362579,1.6543232251485065,8.638867224791552,0.07602400864499212,0.15029785324150022
0.0831989616571546,-0.07685735035176858,46.063824714853546,70.433297568417,1.6618381178105814,8.635785248439785,0.028168826345440066,0.14681200570848205
0.046389246412282974,-0.09864664515454555,46.023165521614494,70.86317055065132,1.6691787180960056,8.62960470357519,0.007600078259874236,0.15935901864934116
0.16372121647957316,0.025832921295411947,45.98040574448515,71.29252697509695,1.6771466690284726,8.624148743344492,-0.03359693061157548,0.1538710621005767
0.10579617154830838,0.02539488359924223,45.93630344005782,71.72147646221273,1.6848402221335015,8.61312132974453,-0.009621802139927214,0.19698804638207681
0.1542549229645577,-0.17927567216407428,45.887774102641096,72.14938975069515,1.6946896244526053,8.609979656735042,-0.033926466125164936,0.20997252224944696
0.23954644430639518,-0.11536873323610429,45.83625782749129,72.57679860078008,1.7051882505650777,8.590567702013416,-0.03652989952729313,0.24028494090550173
0.27216332549218086,-0.13116684495641895,45.780516314233516,73.00269865172024,1.7172024976103528,8.55908836406198,-0.01019373890712938,0.2997893828205952
0.305937903556601,-0.33566765462833553,45.718588974149725,73.42614906013955,1.7321919667513825,8.520814780271207,0.004745343643815937,0.36302741229660196
0.19082775256067896,-0.31594561785666825,45.64989180548202,73.84661483355278,1.7503433373662127,8.465186659745271,0.008781159945505792,0.42913966595402925
0.20959421765463276,-0.38139113936191893,45.573872509735224,74.26299173301636,1.7718003206639141,8.43686730617497,-0.0651147817151856,0.4396249136228977
0.23671310100116016,-0.453552681520539,45.49284031722803,74.67699198479102,1.793781566345059,8.399722622863468,-0.12377316931661594,0.45370893536698587
0.31309937144964284,-0.43560903741009555,45.405999209319454,75.08794851755748,1.8164670131134082,8.351722987132318,-0.16643822588531182,0.47430387110458155
0.24065875881851026,-0.5029418331356793,45.312511405895876,75.49502035022724,1.8401822066686373,8.284332664789526,-0.17570312472186955,0.5189545438591773
0.2005596312790988,-0.439614309659939,45.21074030724406,75.89663613888791,1.8661299338615962,8.231636772984732,-0.23108405926772593,0.5278670051406216
0.21264424541727756,-0.6082833567908733,45.101999661422106,76.29376153653736,1.8925232841186272,8.187818164876916,-0.29955554758664615,0.5172626241003289
0.14136885884529343,-0.6242458868958619,44.9867573328051,76.68688296213367,1.9183864153236436,8.130710511460531,-0.3473430327401446,0.5108040615346975
0.19841657108415386,-0.7390865344225588,44.86460644588821,77.07502199950859,1.9439266184003785,8.082555068028428,-0.4183483030872879,0.4745299176960238
0.0922841612114978,-0.5877647637690013,44.736767007357535,77.45896712225687,1.9676531142851796,8.01743235036939,-0.4368581706316435,0.46495524918972236
0.18933616532271808,-0.6252302576711117,44.601966863284424,77.83712593485134,1.9909008767446656,7.974108299225044,-0.4989240974784189,0.4122435659866963
0.378857606274524,-0.545890041532801,44.46212954191412,78.21133689755689,2.0115130550440004,7.91427041781591,-0.48459061017736493,0.4060893103098851
0.3820684320726011,-0.43819479017774676,44.3152372805421,78.57957448976263,2.031817520559495,7.806240285666099,-0.38555604494714085,0.47091025022094923
0.3833798405975025,-0.07508595547563832,44.15886711284185,78.93771339131729,2.055363033070542,7.707216762125366,-0.3185807872387727,0.5277538933726098
0.30337271065615445,-0.16485267937963624,43.993451642182606,79.28613042865551,2.0817507277391725,7.629712705786917,-0.2774666009540394,0.5761900577696271
0.3510959429049371,-0.14977015839358182,43.81900276539191,79.62567622616328,2.110560230627654,7.575143250846857,-0.2892454216827073,0.5880073050594005
0.4010816767011031,-0.03358611724955831,43.63675295106654,79.95801814443482,2.139960595880624,7.506897614928966,-0.2808802911723328,0.6138429078580324
0.24006483399462702,-0.2250633702144952,43.44629898754502,80.28175924721053,2.1706527412735253,7.42855911704512,-0.25963866703792005,0.6514561605651479
0.1875463955234428,0.02318987202472251,43.24733451089728,80.59567069015971,2.2032255493017825,7.387629081180212,-0.31986378392754045,0.6229151381954087
0.17842421681426754,-0.0696082319602008,43.041890965250815,80.90306520906925,2.234371306211553,7.36595143996021,-0.38536547019443596,0.5760620031149086
0.04102048018881656,-0.17151863897854586,42.83022226976837,81.20507635332794,2.2631744063672983,7.338534158856714,-0.4290536961908082,0.5317641516620957
-0.13218148041292166,-0.17306978488185137,42.61250024074061,81.50120562368691,2.289762613950403,7.318159568569914,-0.5178427352574737,0.43679674003408586
-0.11476334229840846,-0.39602916062780347,42.39099411791709,81.7935993462178,2.3116024509521074,7.289844054743614,-0.6474482012000984,0.2837868026629389
-0.15790571741302836,-0.4849983748828908,42.1688929332619,82.08441475599531,2.3257917910852544,7.256996287382365,-0.6972993693993444,0.1622790554999431
-0.1875468141366834,-0.7813698290051552,41.94562853838873,82.37256153074046,2.3339057438602513,7.220405812488633,-0.7200910262283033,0.04385739241656772
-0.2670236338862927,-0.9792574366159369,41.72212159024564,82.65835275189578,2.3360986134810795,7.171142811070812,-0.7135149843796732,-0.0653572327529381
-0.16288726551373284,-0.9137983660982294,41.499457713523675,82.94164902812865,2.332830751843433,7.103974628920592,-0.7091331001814078,-0.18567692472505087
-0.13113977291554305,-0.713301410194003,41.27988092477642,83.22309057987384,2.3235469056071802,7.062313286407236,-0.6176196494800095,-0.24085883359479457
-0.032829940206462016,-0.6228756188095601,41.06101113031464,83.5019100923532,2.3115039639274406,7.0338189573537715,-0.5086891977147072,-0.26910375913538803
-0.1281387854833427,-0.6159332668978612,40.84245686072248,83.77861836076018,2.2980487759706714,7.01093990455718,-0.35977686767481154,-0.24673075542366396
-0.258532420793549,-0.7766613925536268,40.6228440421214,84.05243765200105,2.2857122381994883,6.982187122782326,-0.2893772329404276,-0.26404526911636744
-0.3187548740736419,-0.5822931824235841,40.40491017258482,84.32555213167952,2.27250997474367,6.924774940824422,-0.2873150642657067,-0.3283930901891377
-0.3348476356370196,-0.49420409139920707,40.192375229374285,84.5992609965936,2.2560903202342133,6.865131731598728,-0.2942255915858641,-0.40273988428367324
-0.3524257017171217,-0.7015642342578532,39.986517868063025,84.87433235601027,2.2359533260200295,6.808994704551348,-0.28590006028975956,-0.4682516616087244
-0.40252035450112655,-0.7769050679553562,39.78764578413029,85.15102760996298,2.212540742939593,6.740119098324149,-0.26776470872145475,-0.5264019344365493
-0.3622623165536206,-0.4697620465707407,39.5966408188649,85.4290012809123,2.1862206462177656,6.6541191081731865,-0.25796600268991965,-0.5892019908881552
-0.3873949500792638,-0.7426831825068592,39.415099823332,85.70811144885978,2.156760546673358,6.598185774392838,-0.21785276100917478,-0.6235974758698659
-0.41131343246905444,-1.1695120084637103,39.241734514616965,85.98900868644203,2.1255806728798645,6.52056361231737,-0.1864046634465586,-0.6575304330002961
-0.2833401422563864,-1.4383960156053521,39.07791823824324,86.27104674929372,2.09270415122985,6.413905024323719,-0.16247938600582343,-0.6901838115813943
-0.3911449888055359,-1.8223650957904256,38.92508289226611,86.55309780858947,2.05819496065078,6.328096215851197,-0.08154570986220838,-0.6659317512047276
-0.23908961933458717,-1.5617648860889517,38.780503837402264,86.83456810088396,2.0248983730905437,6.189661810530548,-0.07167008352410159,-0.6817321601478317
-0.22111853350416838,-1.5155666061871003,38.64796770018926,87.11425863908053,1.990811765083152,6.10142825613424,0.002982717230305673,-0.6332960655412349
-0.12635395647357503,-1.361208758736703,38.523431168887186,87.39275323781565,1.9591469618060904,6.01377430693144,0.05625657182491346,-0.5834317453645865
-0.1925864081739086,-1.1770631841066634,38.4069682915253,87.66998601679038,1.929975374537861,5.942249054127316,0.1295651308850399,-0.5017928206673521
-0.23810905403782665,-0.5463037917670637,38.29646669350639,87.94586130418726,1.9048857335044933,5.868531606222741,0.13372732073971205,-0.46176780883225343
-0.24639041580095056,-1.1442705547719878,38.193932787246574,88.2208716014326,1.8817973430628807,5.817575297723311,0.10412015828016175,-0.4475428584495531
-0.3984457652658401,-0.9264982593944667,38.09996419336524,88.4962031501953,1.859420200140403,5.73613036101806,0.07079795657507398,-0.44010345127404654
-0.40560301795272036,-0.9097068306643822,38.01493603541433,88.7701387667708,1.8374150275767007,5.624933443107593,-0.025815137382775716,-0.48999322354136443
-0.36072235320767465,-1.2273873390347396,37.94208081053659,89.0417883072817,1.8129153663996325,5.519870876650275,-0.0984318353905859,-0.5328001489532226
-0.3739794398708438,-0.8120443771529937,37.880686528732156,89.31091169991879,1.7862753589519713,5.419359426928345,-0.13140858664513544,-0.5507081884601525
-0.370127422307922,-0.80305230701349,37.82916788379934,89.57701814715652,1.7587399495289637,5.338923101979359,-0.16276275664048062,-0.5681635041996181
-0.35262155259868055,-1.0660935614810116,37.78728672700411,89.84078404281968,1.7303317743189828,5.263155476125695,-0.1847239433517346,-0.5793854379925715
-0.33836377809044216,-1.3249110038940604,37.75460050450841,90.10206728398099,1.7013625024193542,5.181315076207346,-0.19396810077965876,-0.5804733717224871
-0.2676001433274571,-1.2108333123413564,37.730487159484376,90.36019064683175,1.67233883383323,5.091253628466176,-0.19656177297539787,-0.5742318491337535
-0.2654140155611766,-1.528755447927666,37.71446008864122,90.61443832745067,1.6436272413765423,5.022528568842585,-0.17021978850030933,-0.5399603774557287
-0.26448096851752434,-1.2761779458757265,37.704674912892806,90.86551833529411,1.6166292225037557,4.935875174017934,-0.15665221405535434,-0.5108478113276735
-0.22203334006379935,-0.6417169378425874,37.70119198539072,91.11241179073623,1.591086831937372,4.860559363407672,-0.15382961108546375,-0.4862836379521746
-0.2615741185922053,-0.18109988908328975,37.703951060809025,91.35554578607415,1.5667726500397634,4.823384590277175,-0.13886462396203592,-0.4493823723795257
-0.26620487998518944,0.10261548293969448,37.71186462020626,91.59668512608619,1.5443035314207871,4.8006056209941335,-0.15414738727470498,-0.4369561225409645
-0.34934283984374476,-0.5242002610080971,37.72592761422311,91.83642701137659,1.522455725293739,4.791479431663441,-0.1712474677816175,-0.4300489390259596
-0.37258011000868646,-0.9203654768674208,37.74605662514322,92.07530736849614,1.500953278342441,4.7321946943974185,-0.22217869015965072,-0.45736812524367154
-0.30494013405357956,-0.8423963376900164,37.77365058871985,92.31056498933815,1.4780848720802575,4.651390636463184,-0.26695086030543913,-0.4866948089027173
-0.2141994071736154,-0.782047270615035,37.80847179302318,92.54090002307781,1.4537501316351216,4.595953089611105,-0.2679723804242551,-0.48257648971980127
-0.10361027869788675,-0.9515515799660678,37.84861430682619,92.76756070246887,1.4296213071491315,4.5590899689224305,-0.2277502818681274,-0.44196510902869635
0.0791564644501463,-0.8072680945001873,37.89196321953948,92.99164506293525,1.4075230516976966,4.5193443862152325,-0.14973610105073354,-0.36425440428480016
-0.13534810048361692,-0.859375173639269,37.936081157316586,93.2133900606674,1.3893103314834567,4.473785388816508,-0.013754042106056713,-0.22800182092780613
0.019803072278596123,-1.2540245512442458,37.97713154597584,93.43328146065403,1.3779102404370664,4.425831695269018,-0.04134367117907728,-0.2158347815534745
-0.014013479666516693,-1.428245742437732,38.02158027635542,93.65007294826974,1.3671185013593927,4.362759695961234,0.013031026386786805,-0.14273642099238482
0.11744892645637678,-1.4246680464984902,38.06506550703451,93.86383365477042,1.3599816803097735,4.291387769334349,0.02417279473529392,-0.10317739254654798
-0.10449948760431085,-0.8588317881957737,38.108783682062274,94.0739055578161,1.354822810682446,4.211930011657124,0.09098987243417453,-0.019695122836044493
-0.21517143039936176,-0.6620145245649405,38.14947038050507,94.28058447914042,1.3538380545406439,4.162600272105119,0.017170951912563015,-0.05240200856972994
-0.523,-1.3474982206135109,38.1934340692125,94.48402005553386,1.3512179541121574,4.107521642732859,-0.08546433169125606,-0.123264851498122
-0.48377091628610425,-1.108984381699726,38.24233931913131,94.68353414532241,1.3450547115372513,3.9235140437328617,-0.27470314119704686,-0.2815279108698412
-0.3668806518490005,-0.9682419489071848,38.29963584797602,94.87165822259651,1.3309783159937592,3.794200044932235,-0.38206207446417817,-0.38726025943183384
-0.41050866834644856,-1.3571990094732596,38.36325327357666,95.0514014747208,1.3116153030221676,3.725826649071801,-0.40088050405637854,-0.4207776504372872
-0.4356094525617346,-1.0603915942368312,38.43037225444631,95.22633364986501,1.2905764205003032,3.6311388260058064,-0.42743425324130946,-0.4574541108957877
-0.5094719228620198,-1.3310810744521249,38.501123011503886,95.39489818769016,1.2677037149555137,3.5504301787676438,-0.45463491049143,-0.48833098460522906
-0.43727718990890563,-1.1230779836683105,38.575804024359996,95.55754309141953,1.2432871657252522,3.4394035919274684,-0.4986011364641765,-0.5316456626795468
-0.42786828710172337,-0.6314713683232764,38.65472929066291,95.71235282219455,1.216704882591275,3.3712019901990264,-0.4973105547865845,-0.5323510892400353
-0.4634311311699588,-1.1399853828459565,38.73649845382195,95.8618339433197,1.1900873281292732,3.331082581211926,-0.4955889999843435,-0.525873916635893
-0.32821985277105975,-0.3966063101211371,38.82139171348776,96.00725551500942,1.1637936322974785,3.256229312357534,-0.505960252880805,-0.5325574912895196
-0.33170742583359936,-0.1699393078219014,38.909073495327355,96.14675271180496,1.1371657577330025,3.2512497327289482,-0.4569925916021909,-0.4821775575818699
-0.3427047114929802,-0.7605000206080412,38.99811187966917,96.28466875056469,1.113056879853909,3.2492928920628907,-0.43090198595582524,-0.45004648868257785
-0.5050652875710983,-0.5306542894702111,39.08923559555769,96.42088703293695,1.0905545554197802,3.2115977073529565,-0.4167224219705876,-0.43344650740128615
-0.5229129174924072,-0.5675143195123169,39.18190168365352,96.55367648900983,1.0688822300497158,3.1394368921193427,-0.4784654087621817,-0.47919107642024034
-0.44129690313360564,-0.6787293609551699,39.27839418753818,96.6797783508578,1.0449226762287038,3.072261966876572,-0.5234761147221676,-0.5138553691042121
-0.09495339157321633,-0.5813393701707669,39.37814052178742,96.79949769304335,1.0192299077734932,3.0337026667600253,-0.5163490661280439,-0.5059030070977779
-0.1701669315931641,-0.7870406358502413,39.479615715468725,96.91515972500862,0.9939347574186043,3.030380034728848,-0.34388297721586136,-0.3560748074780079
-0.20813470232453193,-1.0687678867444854,39.57666534761811,97.03278206787733,0.9761310170447038,3.00354770533892,-0.28033149125016843,-0.2928490277580173
-0.15494523773689609,-1.018955977591259,39.672409890920896,97.14932688258749,0.961488565656803,2.9536665785401306,-0.2609662151648062,-0.26808119294893107
-0.2306677192941703,-1.0505193302341544,39.76762924376703,97.26296621952751,0.9480845060093565,2.908980910597713,-0.22368369542099015,-0.22916886513358034
-0.3704776503879475,-0.6819142381224973,39.861545872730666,97.37459138532203,0.9366260627526775,2.8515009590326676,-0.23902392390998276,-0.2352320022123745
-0.36308818704758355,-0.08269489885727412,39.95565036511879,97.48236345916905,0.9248644626420587,2.7848705648985246,-0.3129410340532631,-0.2920314280368705
-0.27951476820720045,-0.5573893005948842,40.05196179245323,97.5841362421215,0.9102628912402152,2.7612927697577416,-0.35574675174494663,-0.32331638033095966
-0.523,-0.946586390940384,40.150715757754,97.68224785263018,0.8940970722236672,2.736386471012175,-0.33909932082547384,-0.30954144262348193
-0.3680466572272256,-1.6003054996756898,40.24961400657385,97.77830062224498,0.8786200000924931,2.6260783024805434,-0.4305316805521193,-0.3879472318743551
-0.34398341925390946,-1.748214338168855,40.349986455842355,97.86564753618381,0.8592226384987753,2.548003355264344,-0.41166581357211224,-0.37666454611670624
-0.43790618174672913,-1.5131566750917664,40.44877057692457,97.94869072990414,0.84038941119294,2.4661437558620443,-0.38617853964235405,-0.35522280069042383
-0.41521884600938475,-1.6123065339752787,40.54542105628809,98.02766023073481,0.8226282711584187,2.3722193760896735,-0.4132543844553322,-0.3731832847275672
-0.29831745997154235,-1.7966524042312146,40.64125622500278,98.10053773291378,0.8039691069220404,2.286826440601204,-0.4137344422825982,-0.3697505164746456
-0.2420244754411845,-1.0664780539035288,40.735489238892406,98.1685231540619,0.7854815810983081,2.2149938141457217,-0.3536629255977548,-0.31593932657105817
-0.17194717443156182,-0.5137709503164276,40.82629947898632,98.23433871413853,0.7696846147697552,2.1768678554572136,-0.2980234845853542,-0.25945941571129255
-0.15027598558479208,-0.6871246089022374,40.9148330628007,98.2993828044212,0.7567116439841907,2.1635044051940033,-0.2369287524875157,-0.20005654877732398
-0.16326684645140624,-1.1279893765676168,41.00161998038545,98.36503527808947,0.7467088165453245,2.136286473064206,-0.19336737800437423,-0.1616727904893248
-0.09849899903967545,-0.32151768901497585,41.08658105210966,98.4304905558458,0.7386251770208583,2.0825340331238262,-0.17508334460983407,-0.14731751259557319
0.3003160239032801,-1.6112397701233854,41.16946573869682,98.49412336319425,0.7312593013910796,2.0709212915676365,-0.13583181564579502,-0.1109615560683204
0.523,-1.4094588561005708,41.25107407268686,98.558216990166,0.7257112235876636,1.9284468800679577,0.07819934754038407,0.06682454518480946
0.523,-0.7129116013615311,41.32060572802398,98.62513414173479,0.7290524508469041,1.7473252847323966,0.2661445069202819,0.2245371979724523
0.25718903581329045,-0.267093132006129,41.37689922411268,98.69325894390833,0.7402793107455267,1.6578071040983446,0.3570102495179867,0.2907650481485804
0.015617429175831997,0.5740466683030192,41.4260554654443,98.76234668319539,0.7548175631529557,1.6691673827787898,0.27511170084043424,0.20943196883500978
-0.2700771718710305,1.4735369308271757,41.47742153505417,98.82954818907147,0.7652891615947062,1.7026043302215634,0.12525327395099764,0.08092647581705587
-0.3675470690391625,2.0,41.53447748849673,98.89303828984768,0.769335485385559,1.7237709084137594,-0.0712215627091991,-0.0759714979680658
-0.43347279126931554,1.7917110872283433,41.59887031389792,98.95043786019514,0.7655369104871557,1.774054576923668,-0.21063464123051304,-0.1724610382656211
-0.44869978740273553,1.9154909800344813,41.67012359814029,99.00430864049068,0.7569138585738746,1.8211834886306641,-0.3106630799333514,-0.24102635094702135
-0.523,1.851696344066661,41.746986179145814,99.05554530473033,0.7448625410265235,1.890565149660218,-0.3735029200709282,-0.2820494457764456
-0.47288765508435393,2.0,41.829140901806866,99.10589363226475,0.7307600687377012,1.9463252212512374,-0.44167749938126466,-0.3338785548011641
-0.523,2.0,41.91634871049562,99.15440085136204,0.714066140997643,2.038094644579517,-0.4651117766464026,-0.34689640950432443
-0.523,2.0,42.008589006825645,99.20356511272685,0.6967213205224267,2.1167061227468915,-0.5050251839654581,-0.37980801052650803
-0.523,2.0,42.10596332054367,99.25211386290877,0.6777309199961014,2.2017282841564523,-0.5337308727150437,-0.40355513473650445
-0.523,2.0,42.20845354596746,99.30035226977446,0.6575531632592762,2.289852795541967,-0.5560299239844343,-0.4233279880043495
-0.523,1.8441461939101074,42.31606510758797,99.34832350656944,0.6363867638590587,2.3795036217479386,-0.5744789431178801,-0.4411474390415956
-0.523,1.7357282586159883,42.42882114962148,99.39592848361944,0.6143293919069789,2.462318887330299,-0.588543627901023,-0.45789211509189987
-0.523,1.8282147356199394,42.54638873740393,99.44284710535038,0.5914347861523839,2.5402770098480367,-0.5999142584925927,-0.4732245643091926
-0.523,2.0,42.668552403917424,99.48876332900547,0.5677735579369243,2.622886040484722,-0.6114669033567901,-0.48732744467933464
-0.523,2.0,42.795561218489915,99.53351060164935,0.5434071857029575,2.713728681691775,-0.6238857935204847,-0.5012234039893895
-0.523,2.0,42.92783146138508,99.57696718857741,0.518346015503488,2.8042734622273167,-0.6348267225267977,-0.51565408779574
-0.523,2.0,43.06535269945359,99.61886343693656,0.492563311113701,2.894526047111146,-0.6444731612156285,-0.530169331963022
-0.523,2.0,43.20811257792891,99.65890945833748,0.4660548445155499,2.9844500533709724,-0.6529168584841551,-0.544582706593613
-0.523,2.0,43.35609012210181,99.6968007869425,0.4388257091858693,3.0739951179321947,-0.6602050028793365,-0.5588127909705676
-0.523,1.986801357085682,43.509252300181124,99.73222166755333,0.4108850696373409,3.1631064797129893,-0.6663620977038939,-0.5728212711895754
-0.523,2.0,43.66755193454229,99.76484724615769,0.38224400607786213,3.2510826999695897,-0.6712630317020755,-0.5865879341111216
-0.523,2.0,43.83089370130673,99.79433960414582,0.35291460937230607,3.3391633025123144,-0.6752243989583165,-0.6000530571901086
-0.523,2.0,43.99923115369625,99.82036557189899,0.32291195651280064,3.4266375495186856,-0.6780742410472322,-0.6132775268178584
-0.5225049537000772,2.0,44.17246645311476,99.84258279417669,0.29224808017190773,3.513450229115174,-0.6798187697975456,-0.6262432319191922
-0.523,2.0,44.35048318955429,99.86064537228762,0.2609359185759481,3.599696532573974,-0.6802671795183397,-0.6387701598418126
-0.523,2.0,44.53315027360433,99.87421676904863,0.22899741058385747,3.6849727210923726,-0.6798890236614331,-0.6512369984405357
-0.523,2.0,44.720305783943424,99.88293442635651,0.19643556066183068,3.769427205204856,-0.6784118459531492,-0.6633982191975942
-0.523,2.0,44.91177299735047,99.88645101707918,0.16326564970195095,3.8529964184767174,-0.6758567583683518,-0.6752529505186403
-0.523,2.0,45.10735364285436,99.88442111539514,0.12950300217601893,3.935618289185718,-0.6722454104559404,-0.6867990380816629
-0.523,2.0,45.306827486190876,99.87650285487342,0.09516305027193578,4.017231952157097,-0.6676009851752395,-0.6980336645209599
-0.523,1.9675586427880516,45.50995202303669,99.86235960159591,0.06026136704588778,4.097777671504739,-0.661948819021046,-0.7089537579987119
-0.523,1.9874833115087633,45.71646228922769,99.841661650781,0.024813679145952186,4.1755959479434255,-0.6550558851426743,-0.7195562675409524
-0.1665675307802617,2.0,45.92599044904238,99.81409900254965,-0.011164134231095434,4.253221525605455,-0.6474605566671033,-0.7297513281579256
-0.1237121328721596,2.0,46.138276863325515,99.77935386466544,-0.04765170063899172,4.390146510441371,-0.4742315413540291,-0.6001426811138686
-0.03222495892188476,2.0,46.356405550638584,99.74521326396822,-0.07765883469468515,4.512103641655693,-0.3364673920215966,-0.4897330702843546
0.157157576773057,2.0,46.58002560355221,99.71093796845896,-0.10214548820890289,4.622670220437319,-0.1990345830490896,-0.3713405063741392
0.37259747501187,2.0,46.80893961619817,99.67746989942674,-0.12071251352760985,4.703690212668842,-0.01664301562312409,-0.20590771173421818
0.33956007831136836,2.0,47.042312502438755,99.64832298733384,-0.13100789911432076,4.726632695245062,0.19436902243599963,-0.0014036932019511894
0.37724600511285117,2.0,47.27788850307763,99.62708533669638,-0.13107808377441832,4.776779394713963,0.31474188598134634,0.1446192831464068
0.43442724031871344,2.0,47.51673549357585,99.61147044856581,-0.12384711961709798,4.827626271843989,0.40193333434100315,0.2691725079255766
0.515365315529259,2.0,47.7587505622457,99.60159517128572,-0.11038849422081914,4.871694278170226,0.4736152997505541,0.3837643038628848
0.523,2.0,48.003461445459244,99.5982974270362,-0.0912002790276749,4.898620608126092,0.5419017580212075,0.49735327000069457
0.523,2.0,48.24984223135344,99.60297308596489,-0.06633261552764017,4.936389540686929,0.5802843829045861,0.5871991783814039
0.523,1.9946986552044896,48.49804208063498,99.61556331919292,-0.036972656608569965,4.9841579616968,0.5954155951674511,0.6561958500978914
0.5070698001414942,1.9659065059956093,48.74818012140875,99.63610197428875,-0.004162864103675397,5.03810552193185,0.5947531238722185,0.7091133679666979
0.523,2.0,49.00020700828407,99.66479072841166,0.0312928042946595,5.09993973293703,0.5774628445493589,0.7446824670348053
0.501417661575884,2.0,49.25417577940958,99.70162800347458,0.06852692764639977,5.158577564423437,0.5615100497279131,0.7770753118081173
0.5041784933961313,2.0,49.509576862835594,99.7472988546284,0.10738069323680563,5.225278622360405,0.5326389204839435,0.7953068366929055
0.5011603133307049,2.0,49.766481709866504,99.80177822525896,0.1471460350714509,5.289220855058703,0.5045204874672286,0.8104718374603262
0.4744343828399405,2.0,50.024386336450036,99.8655057626856,0.18766962694446723,5.352225891500134,0.4752123920696981,0.8215114878677923
0.5226044339848249,2.0,50.28286580870014,99.93877741104538,0.22874520133785686,5.421828845086177,0.43632329289044497,0.8216282947048309
0.5192427514864087,1.9611451060346168,50.541948840926565,100.02149680124911,0.26982661607309844,5.470690046732853,0.41996977509306005,0.837517295202028
0.47620474456230494,2.0,50.79998863151059,100.11465004581895,0.31170248083319985,5.5180440596284495,0.3999119228622139,0.849302897039868
0.48862820238419047,2.0,51.05646364921159,100.21829566690539,0.3541676256851932,5.581032293670528,0.3628039137837596,0.84504476161221
0.4811286971840799,2.0,51.31190486482519,100.33208782710534,0.39641986376580374,5.635814900922665,0.33516444220960334,0.8461095513456336
0.4792011810732938,2.0,51.56537187204104,100.45635100851881,0.43872534133308544,5.690462551458093,0.3068063033677209,0.8449307168249222
0.5193947876470072,2.0,51.816432562059674,100.59109990580818,0.48097187717433154,5.742888838018409,0.2803929666009529,0.8437936716710137
