x,y,yaw,v_x,v_y,omega
0.25,25.0,0.0,4.980184085250615,-0.14248041479065218,-0.1205603509767057
0.49900920426253076,24.992875979260468,-0.0060280175488352855,4.929009906544244,-0.29629178283986024,-0.2691467153005201
0.7453659199055269,24.97657606036281,-0.01948535331386129,4.904408728181244,-0.41858305640289806,-0.4062355325696855
0.990132019131736,24.950872976111974,-0.03979712994234556,4.9260022817670714,-0.49596622859523726,-0.5134675275198767
1.235250471346952,24.916294849596497,-0.0654705063183394,4.961394533534428,-0.5399642122502238,-0.596993827082753
1.4810224024261178,24.87312483033129,-0.09532019767247704,5.000077148668392,-0.5598668858796183,-0.661754557903815
1.7272270672875512,24.82146421615743,-0.12840792556766778,5.0472591372667,-0.5640726669948711,-0.7116719197186621
1.9739007002080906,24.761176358733938,-0.1639915215536009,5.1027384589125155,-0.5579622538124365,-0.7502135684613411
2.221060003097946,24.691999533590963,-0.20150219997666796,5.1514428165523976,-0.5435292199861546,-0.7802075695950215
2.46798156088435,24.613822093985245,-0.24051257845641905,5.204307776440798,-0.5251498895911859,-0.8033323438053265
2.7144523636744324,24.526336964002134,-0.28067919564668536,5.252435860892843,-0.5036311054058586,-0.8213708433763196
2.959821613335714,24.429392401346597,-0.32174773781550137,5.308601128979254,-0.48178735346784335,-0.8353635367136022
3.2040132485457553,24.322603554574805,-0.3635159146511815,5.36359326568586,-0.4591020077305885,-0.8466385206303653
3.44650605993282,24.205793859520714,-0.40584784068269975,5.416787733961534,-0.43609082162897755,-0.8558314319437422
3.6867362356407227,24.078833731613905,-0.44863941227988685,5.468020279798896,-0.41314178208488334,-0.8634091486051988
3.924121153950799,23.94163595342523,-0.4918098697101468,5.517203431597238,-0.39051615021208813,-0.8697259426794068
4.158065763014803,23.794157103033378,-0.5352961668441172,5.604713012366913,-0.31755167099023957,-0.8320376507957276
4.3910022877632,23.637553485658177,-0.5768980493839035,5.672045573756411,-0.27879940425399324,-0.817316073022507
4.621102735921334,23.47118534266235,-0.6177638530350289,5.746775121759378,-0.23068265916367692,-0.7925224125841328
4.848653579277912,23.295352437149788,-0.6573899736642356,5.8346324896972925,-0.16076421967436824,-0.7462120489681298
5.074673582787176,23.11072602632493,-0.694700576112642,5.940119640161041,-0.039420158680341086,-0.6506025873434493
5.301585314966662,22.919081814254362,-0.7272307054798145,6.0418785748644686,0.12466322222042082,-0.5054352384819129
5.531398835527354,22.722905006633145,-0.7525024674039101,6.137564994087933,0.24442240541115395,-0.37610159063396176
5.763766806372981,22.522084833225723,-0.7713075469356082,6.2328694288232125,0.30293100682538615,-0.2826846874174911
5.997773377894574,22.315706550056568,-0.7854417813064828,6.321870978805215,0.38607502547677336,-0.16164304712840422
6.234925929296973,22.105834127241604,-0.793523933662903,6.41507230545712,0.33443201382352583,-0.14197023484529353
6.471802180798549,21.888919086004613,-0.8006224454051677,6.506881592747693,0.2748450155208829,-0.13942868314449175
6.708190313892115,21.66495866507264,-0.8075938795623923,6.595812411447065,0.3433623275620227,-0.04005726895951443
6.948560632972824,21.43851064158268,-0.809596743010368,6.692637502130111,0.29992806112505593,-0.02241579225616544
7.190244036773525,21.206578504376065,-0.8107175326231763,6.785323629974916,0.32882014617294014,0.04903333395823288
7.435907302188851,20.972012077418704,-0.8082658659252646,6.876663511756904,0.34909985138377436,0.12041282463021338
7.686032777161601,20.735446703430732,-0.8022452246937539,6.963786682732577,0.34711586424796914,0.1800240020186905
7.940534610345279,20.497190847530636,-0.7932440245928194,7.042290431109647,0.3478763712427359,0.24565782898821475
8.1999514563533,20.258464893303476,-0.7809611331434086,7.123522280990135,0.27511521964556296,0.2546649627917463
8.462604543505888,20.017500163542408,-0.7682278850038213,7.2200267168795635,0.16157722815246583,0.21912945843676135
8.727829882964,19.77246393807338,-0.7572714120819832,7.294910145868739,-0.013559259414700875,0.11292977013829764
8.992429498047912,19.521412571970778,-0.7516249235750684,7.379984218253893,-0.0912087872476577,0.05506883965782171
9.258899059282323,19.266118255157988,-0.7488714815921773,7.470854905448037,-0.11571477250475291,0.026172523555776473
9.528564294903704,19.007567838383334,-0.7475628554143885,7.546677605003709,-0.02883835849880785,0.08560485552358012
9.80430102815365,18.749978649463046,-0.7432826126382095,7.631822565328926,-0.032483604213120285,0.08739749469889596
10.084148841857223,18.490556930444868,-0.7389127379032647,7.712408003969701,-0.016479112564852003,0.10605107239889397
10.368645002197237,18.23023845875316,-0.73361018428332,7.789762137047285,-0.0827782373546617,0.060021928666478486
10.65517074759184,17.966380327938595,-0.7306090878499961,7.8591813823829755,-0.1405120822899991,0.006909539741051615
10.943145769845422,17.698917104907448,-0.7302636108629436,7.929466127762946,-0.13092764259204823,-0.003668861916091226
11.234150951799139,17.429566177911788,-0.7304470539587481,7.998461818985547,-0.11605118179813141,-0.009653036351513291
11.528172661449188,17.15841422305828,-0.7309297057763238,8.012287520739294,0.045851840041049405,0.11002861844655058
11.827982180395477,16.89268619176544,-0.7254282748539962,8.032862665000248,0.13784979638670042,0.20930971600378845
12.133070600900558,16.631370733790767,-0.7149627890538067,8.050171049410112,0.18661493476534424,0.29864980979546
12.443129045742557,16.374536237609362,-0.7000302985640338,8.076607940135073,0.1663934797474118,0.3492313799775119
12.757347561355251,16.12073527037708,-0.6825687295651581,8.06055356848026,0.18284738174892728,0.4358909590275621
13.075845785459427,15.873604184248952,-0.66077418161378,8.070535651889898,0.15368131925550801,0.49783684826469043
13.39915310231969,15.63201509508017,-0.6358823392005455,8.044773843299339,0.1555331392413854,0.5909511372013657
13.727391897746045,15.399387205425588,-0.6063347823404772,8.046365993619576,0.11134952807690043,0.6573800399564453
14.061166497971552,15.17469735853436,-0.5734657803426549,8.050674532072449,0.042488885635328835,0.7062283116234085
14.40045777407972,14.958088623083095,-0.5381543647614845,8.055524321239085,-0.0528687346851176,0.7302599983842034
14.744949140961593,14.749375024755594,-0.5016413648422743,8.046103803489936,-0.18093373176156813,0.7168566718005773
15.093337868217699,14.547988323852998,-0.4657985312522454,8.059341746337468,-0.3079576815985699,0.6842346337334164
15.446458381702387,14.353243692987101,-0.4315867995655746,8.07445804951344,-0.39168163141557066,0.6671551271027887
15.804968883153625,14.166573024205064,-0.3982290432104352,8.10363422469019,-0.47467863794496246,0.6379976260673678
16.16924109811571,13.987572264293702,-0.36632916190706677,8.149148121882599,-0.6534165713295164,0.5137429902871834
16.537960708126754,13.811121789617438,-0.3406420123927076,8.185473180341843,-0.7058254170342018,0.4562370362470707
16.911927112206907,13.641123170849733,-0.31783016058035407,8.210578663235138,-0.8189565238199609,0.3320964316991023
17.289098561482927,13.473933376652461,-0.30122533899539894,8.209483505059557,-0.8769143213492903,0.21914692549925746
17.668081975176474,13.310278045201672,-0.2902679927204361,8.247895397070701,-0.8694038682433913,0.13953551648718784
18.05078355906132,13.150595229564322,-0.28329121689607667,8.289438157515953,-0.8626736669151787,0.04930321876748309
18.436678296155378,12.99332880294922,-0.2808260559577025,8.343650548387178,-0.8227817533088297,-0.02434871194796971
18.82611678441019,12.838179360205276,-0.282043491555101,8.383185299163765,-0.7270016891698525,-0.05784201838644513
19.218597604208657,12.686605536176353,-0.28493559247442324,8.396105749883045,-0.6187088053920613,-0.07489432201200949
19.612780424052556,12.538911983803091,-0.2886803085750237,8.4090209621893,-0.5056645011750588,-0.07577832038516548
20.008635564678954,12.394977856628978,-0.292469224594282,8.389557255787986,-0.3181484096098347,0.0012551534157610872
20.40571386024266,12.258803150501414,-0.2924064669234939,8.374992620723893,-0.19403969223222517,0.06280869980163575
20.803892143223088,12.128805316053636,-0.28926603193341216,8.360443023316385,-0.06812923032987503,0.15317077429802117
21.203575246755822,12.006300052510369,-0.2816074932185111,8.368575296486904,-0.025905731645743946,0.2042509421485925
21.605162124153665,11.888774357866149,-0.27139494611108145,8.367236827019909,-0.03104845004729615,0.2292358626183037
22.007794869792132,11.775126161867044,-0.2599331529801663,8.292099057484803,0.07176840138056359,0.3488437276163758
22.40939434645087,11.672033950454786,-0.2424909665993475,8.189661730176416,0.16014534159340219,0.4879370005942887
22.808819842588573,11.581481272426872,-0.21809411656963307,8.110651244046315,0.18885991304130942,0.6071784540537728
23.206789160160092,11.502955789652692,-0.18773519386694443,8.068024602046899,0.17363071183592121,0.7074772253211736
23.604722679636037,11.436196254110529,-0.15236133260088575,8.017691120281915,0.12018303614712397,0.7862235200371854
24.00187519204116,11.381292528860229,-0.11305015659902648,7.992708357212588,0.033478591808853014,0.8378272226491789
24.399148425878387,11.337873098584994,-0.07115879546656753,7.9678529904239825,-0.05657506259461706,0.8802453015361604
24.79633173474169,11.306726281778325,-0.027146530389759504,7.945037412976814,-0.1490222799659452,0.9124826859227313
25.193234993102013,11.288495227591177,0.018477603906377066,7.913769523330325,-0.24569648778618786,0.9311050346295232
25.589082904047924,11.283523459192082,0.06503285563785323,7.87597495445662,-0.3282788516751387,0.9487460978096953
25.983115897447842,11.292736022978186,0.112470160528338,7.855151738454114,-0.4154934698204841,0.9510303222608776
26.375723608982888,11.31617304470064,0.1600216766413819,7.825280592024785,-0.49016806933896845,0.9505781212811134
26.765893942054706,11.354321621226173,0.20755058270543758,7.76963529093474,-0.5428140818681324,0.9556769656548806
27.151631051578494,11.407815373574127,0.2553344309881816,7.717203232794665,-0.6017047317940842,0.9439337777774975
27.532579794186223,11.476161853416842,0.3025311198770565,7.685755895936713,-0.6755785317085417,0.9055493109918715
27.909479328192262,11.558410661171779,0.34780858542665005,7.678479843695737,-0.7699555446696245,0.8322648237985021
28.283536198522693,11.653074109163203,0.38942182661657515,7.662150009319239,-0.8323612367063867,0.7627354655023726
28.653760396823348,11.760020184251738,0.42755859989169376,7.653390587963012,-0.874801284829994,0.692218313468386
29.02011915250514,11.878891644598381,0.46216951556511304,7.656453472517001,-0.8970186495322988,0.6248378676957748
29.38277747161876,12.00944335528709,0.49341140894990176,7.671600133558265,-0.9240876244421404,0.5426844665896905
29.742488836812598,12.150426333399807,0.5205456322793863,7.687156913153759,-0.9319231087881678,0.46391693096478104
30.09911245719803,12.301163683129532,0.5437414788276254,7.705687577474934,-0.9320202224898118,0.3818893358463281
30.45293939456706,12.460607106430727,0.5628359456199418,7.733299153999339,-0.9160102566828838,0.3052313940881505
30.80439801202692,12.628190866688673,0.5780975153243493,7.761510335155616,-0.8485338246068955,0.26689563939616423
31.152595994035313,12.804715075115888,0.5914422972941575,7.781025453626621,-0.7465101568088247,0.2638385030132708
31.49637316646684,12.990648778422994,0.6046342224448211,7.802715857442672,-0.6507030842421603,0.27059838208117604
31.835836789335566,13.185658834287844,0.6181641415488799,7.835781702040552,-0.5770777211431595,0.274198744482429
32.17184485002616,13.389201992111012,0.6318740787730013,7.876345729514859,-0.5279307251036806,0.2689861119289657
32.50521600316628,13.600513389123613,0.6453233843694496,7.9261738576946525,-0.5262964500346369,0.23086598022192711
32.837656350667466,13.817852905301864,0.656866683380546,7.973835723451951,-0.49266815091694777,0.21644650724976267
33.168426247921865,14.04180205175956,0.6676890087430342,8.016889400346312,-0.45080084668312004,0.21270947081152938
33.497147421780824,14.272294421500241,0.6783244822836106,8.062222838543295,-0.4089572429535418,0.2153442895434441
33.823850722295205,14.509321131482986,0.6890916967607829,8.095542243147564,-0.35443660394218013,0.23551931556104938
34.14753554230596,14.75301501956106,0.7008676625388354,8.126664447061072,-0.32360362004576637,0.24648965904012282
34.46852338287002,15.002685386355166,0.7131921454908415,8.167073178388499,-0.3241712078832734,0.2374857112318469
34.78795644307445,15.257593111289827,0.7250664310524338,8.188702575809588,-0.2839946395075663,0.26216613537562616
35.10381741446298,15.518496549039014,0.7381747378212151,8.208216154004601,-0.2601626066088614,0.2825398363829966
35.416151177776534,15.78505585355912,0.7523017296403649,8.226717173802031,-0.22976377776575388,0.3153704222124254
35.72432500752716,16.05774259284999,0.7680702507509862,8.220835873186179,-0.17676493781618932,0.37674947533449155
36.02610828607805,16.336956352413953,0.7869077245177108,8.206301153511639,-0.13675972775083486,0.44350294861504413
36.32064901654376,16.62270267821689,0.8090828719484631,8.190792493741554,-0.1233938461652144,0.5027887105610921
36.60776259533951,16.914809785564707,0.8342223074765177,8.1826897908605,-0.13107721958951932,0.5545510896138827
36.88745524910076,17.213483525721685,0.8619498619572118,8.20047195442304,-0.20425419054737423,0.5572336490479683
37.16211621529443,17.51808983519942,0.8898115444096102,8.2250646685812,-0.291038307774844,0.5395536844103962
37.432330323181205,17.82845303557326,0.91678922863013,8.226707404007831,-0.35224906916305665,0.5295532377304863
37.69655321487914,18.14419541283278,0.9432668905166544,8.239953886279144,-0.4207204411284595,0.5038079346440729
37.95548454359077,18.465348306881086,0.968457287248858,8.241770125225885,-0.4517970149726405,0.4969014450659256
38.2075764361035,18.792115679914044,0.9933023595021543,8.23784914869459,-0.47638500772263054,0.49003952744933355
38.4523958074012,19.124209384488488,1.017804335874621,8.241105651841055,-0.5120876742571586,0.4692602286649835
38.69061014912143,19.461402308162945,1.0412673473078702,8.261939657406128,-0.56193839465885,0.4291385123717372
38.923525450068595,19.803731121936668,1.062724272926457,8.292573839610961,-0.6271036064475598,0.36416671792599276
39.152634232976965,20.15073150398371,1.0809326088227567,8.312382910999512,-0.6520928590399903,0.31478735530539587
39.37695562283444,20.50213191795918,1.0966719765880264,8.320260312626392,-0.6415072128212548,0.2843614983048732
39.595427562424845,20.85761141040076,1.11089005150327,8.327680492881386,-0.6108852761828037,0.26784373927804156
39.80761602691788,21.217173176397264,1.124282238467172,8.338731066414665,-0.5515223832406778,0.27813638087500325
40.01253174286608,21.581324355443062,1.1381890575109221,8.333579289690876,-0.4780758813350183,0.30993608503436026
40.208921616179225,21.949595679978035,1.1536858617626402,8.339914162730143,-0.45285230685977357,0.3156907191599013
40.39855637794797,22.321666594942844,1.1694703977206353,8.350690481259432,-0.4575174631926841,0.3004998245696262
40.58272000014711,22.697089216285512,1.1844953889491165,8.355437078998559,-0.44270505961943146,0.2989174354521782
40.76062570016643,23.075735295464906,1.1994412607217255,8.354674224506114,-0.4170390347821358,0.3083245755092856
40.9316428772101,23.45742808101555,1.2148574894971897,8.343161032584204,-0.36706417163357774,0.34337397950186616
41.0942129807533,23.842043007582728,1.232026188472283,8.340111955784634,-0.3450613653914558,0.3669362695053101
41.249067834036175,24.229614047995977,1.2503730019475485,8.343251927378068,-0.34233159685296677,0.38092140363811217
41.39670623899461,24.620152791907618,1.269419072129454,8.349692975673014,-0.3530671976659764,0.38621256043380425
41.53748827125752,25.01358066646292,1.2887297001511442,8.36422165279667,-0.4108374330136589,0.3511461988433284
41.67362374911719,25.40954734410337,1.3062870100933106,8.379695235701709,-0.4311762398424342,0.33497818542906227
41.803970331902995,25.80832394991003,1.3230359193647636,8.390957609127014,-0.44202352893563807,0.3217856381514613
41.9282837697418,26.20964060190499,1.3391252012723367,8.402266746270593,-0.43766694108580456,0.31830054319922974
42.046042321019044,26.613505703972617,1.3550402284322982,8.41996708693755,-0.4765098490911139,0.2784554181610578
42.15944529264057,27.019642422924363,1.3689629993403511,8.416565965672916,-0.43961554539080905,0.29106780770978335
42.265341548219666,27.427521809826924,1.3835163897258402,8.415015712713215,-0.45369587166016356,0.2670595278090848
42.365968045362344,27.836691861939396,1.3968693661162945,8.423212324071004,-0.47342718537244954,0.23269653894985431
42.46216469891947,28.247401980800603,1.4085041930637872,8.43214007573635,-0.45523303145351995,0.22250176674729277
42.55275078207025,28.6597910203783,1.4196292814011517,8.43672694609113,-0.4139314343123929,0.2328740912426674
42.63673649720986,29.07370000994064,1.4312729859632851,8.451590158899627,-0.3920324811854843,0.23448905657623326
42.71491623888431,29.489447039025034,1.4429974387920967,8.472479312654016,-0.42891018588838775,0.1897949521477733
42.79017827798063,29.9068830216599,1.4524871863994855,8.488797709299684,-0.5068791093282693,0.09835861250571137
42.86544312591178,30.325364484950825,1.457405117024771,8.480666270990575,-0.6012941495823351,-0.03286694775038432
42.943293442029685,30.743272926976037,1.4557617696372518,8.493932942850455,-0.5835450619504308,-0.10415323680231806
43.02102497053414,31.161813682063016,1.4505541077971358,8.4990208300773,-0.5725110456912585,-0.1908018505782861
43.10041785184615,31.58026269964556,1.4410140152682214,8.523385214535542,-0.5247302378455034,-0.2587489991400005
43.181587813139075,31.9994524308275,1.4280765653112213,8.548084322090139,-0.44268687260318473,-0.3033489298371801
43.26428927045298,32.41936285231046,1.4129091188193623,8.558498120385279,-0.38980970351024014,-0.36972169160355023
43.35082083563663,32.83890056507398,1.3944230342391848,8.561959481536958,-0.32021627165699973,-0.42682519528742535
43.441697460550714,33.25754798308167,1.3730817744748136,8.568497868948423,-0.21738319795799807,-0.4566436346405504
43.53650990860456,33.67549131375744,1.350249592742786,8.586108865869456,-0.07916880582025057,-0.4480620292189969
43.63428867723023,34.09353215541886,1.3278464912818362,8.604079720457534,0.04757680543878079,-0.4297669269551348
43.73547252606793,34.51167442451564,1.3063581449340795,8.615440075571765,0.17445502529560977,-0.3918466625486426
43.83964257713802,34.929752414954145,1.2867658118066474,8.624937295619898,0.2686179735609113,-0.3584177556763032
43.94759679385209,35.347484547446236,1.2688449240228323,8.61917190803423,0.31539136175830595,-0.34671651603279224
44.06070081583135,35.76363532593933,1.2515090982211927,8.613540624639983,0.3755086624004964,-0.3151519776347615
44.17805947173654,36.17843909641856,1.2357514993394547,8.609542600598031,0.4547923962223602,-0.25357825821259755
44.29813010852201,36.59245683996328,1.2230725864288248,8.60606311723841,0.5321877605157967,-0.17210495799534942
44.41974279984298,37.00607407701404,1.2144673385290572,8.607832395770743,0.5621712876342065,-0.10610273813516492
44.543536079144985,37.419235379383295,1.209162201622299,8.60389663223555,0.5889265402283765,-0.026974030348039427
44.668198623092806,37.83202337515886,1.2078135001048969,8.609676071119592,0.5626416441138126,0.024605038090283624
44.794748995999655,38.244446364685864,1.209043752009411,8.613796520400161,0.54681301715485,0.09054442241628027
44.92160501164395,38.65693732061256,1.213570973130225,8.619926031460817,0.519095347830763,0.1558215084299099
45.047997856626296,39.069800870296056,1.2213620485517207,8.638340575891414,0.42585209628066245,0.17332139972698044
45.175865885033495,39.48290553269259,1.2300281185380697,8.657049164032037,0.3425725304561516,0.19002971341287775
45.30438633592318,39.89659277460469,1.2395296042087136,8.674280824362533,0.22177101512363265,0.16714100056684741
45.43496230710506,40.310332718600364,1.247886654237056,8.691202649482955,0.1199432704763789,0.14035601439617762
45.5671728457411,40.72433615841681,1.2549044549568649,8.705210758309143,0.03322801334924147,0.10826264571177913
45.70081357788016,41.138576005404,1.260317587242454,8.727360791162976,3.0542904489568035e-05,0.10428831291943905
45.83412889643066,41.55408062847086,1.2655320028884258,8.743861724067461,0.020593393809562956,0.14089528820793829
45.96454315345751,41.97137066718235,1.2725767672988226,8.74832314542655,0.04590696730855512,0.19108959791297936
46.0908702180828,42.39015418644892,1.2821312471944717,8.746784236433657,0.07712433717493677,0.25890418737834836
46.2116721273987,42.810496136902245,1.2950764565633892,8.746824172694792,0.0628635354649229,0.304890470437997
46.327709304173844,43.23217443363611,1.310320980085289,8.732462449726754,0.05745175634768228,0.36505105615320893
46.437381487748404,43.65480904532862,1.3285735328929495,8.720757603624357,0.024905644173913284,0.41237732137998934
46.540761093780105,44.078416458787636,1.349192398961949,8.69783229942057,-0.00514687200163148,0.46598247674216003
46.636598977589145,44.50261674523832,1.372491522799057,8.69101255546528,-0.08399332944084324,0.4835200088211946
46.72632613295407,44.92782366296983,1.396667523240117,8.677565718310015,-0.16462128789287486,0.49210292042420123
46.80960221766544,45.35371474191512,1.421272669261327,8.657119672230149,-0.26072598366340183,0.4778397099659626
46.88697436983971,45.77979900319756,1.445164654759625,8.650796983710782,-0.40922684582585905,0.4032814423189944
46.961472321622715,46.20636604698077,1.4653287268755748,8.64666538281352,-0.48155593182803735,0.3600589802143038
47.03092899523397,46.63376231086877,1.48333167588629,8.647075168732039,-0.5761845903960261,0.28061382015957914
47.09739557234431,47.06194677843738,1.497362366894269,8.647359417265877,-0.5585230717651999,0.26986139208126053
47.156968427149735,47.49110060546565,1.510855436498332,8.654423082022493,-0.5768422492582794,0.22902362100151047
47.21168090361288,47.921316841302,1.5223066175484075,8.662819269089217,-0.5680043669518005,0.20170002223332048
47.26104239030639,48.35257211403018,1.5323916186600735,8.662447230702885,-0.516126017046186,0.20711494043629639
47.30345951158624,48.78438426421564,1.5427473656818882,8.655790004346079,-0.4753180465008583,0.21056189723767693
47.33935376985191,49.216337006810505,1.553275460543772,8.654753300816811,-0.4171972575564115,0.23514514257680225
47.36779198186216,49.64864278831469,1.565032717672612,8.661750163500061,-0.39182015933578307,0.2441229292578835
47.38987879772403,50.081610188814395,1.5772388641355062,8.663715147070155,-0.3654477086281323,0.2589164856339156
47.405360007836165,50.51490467594382,1.590184688417202,8.665633884737325,-0.3941860502211598,0.23286239837890454
47.416665510144334,50.94848704272527,1.6018278083361472,8.656377476330935,-0.3903304272542324,0.22562283821221035
47.42274378009054,51.381703070559404,1.6131089502467577,8.649827443344076,-0.43912376643419215,0.17275169737411547
47.426385932105006,51.81473609000872,1.6217465351154634,8.644985477466818,-0.452230576741503,0.13399633120628032
47.42695445502192,52.24757600589226,1.6284463516757774,8.641250157912912,-0.4395850707562486,0.10829643412844284
47.42400257503931,52.68018713002076,1.6338611733821995,8.649389871759466,-0.4532412294600888,0.05786154677153922
47.41936403875499,53.113225137469975,1.6367542507207764,8.658614361552571,-0.4481473664085871,0.012559603229702232
47.41318817248867,53.54669134778644,1.6373822308822614,8.662046928369538,-0.3892286723270252,0.005134798053275116
47.40378927324495,53.98012882951201,1.6376389707849253,8.657128627520285,-0.29015068111555864,0.03815797566377613
47.38935268216955,54.412987632779405,1.6395468695681141,8.662956703499296,-0.25727779057447436,0.034355019728407515
47.37243048709436,54.84599590762459,1.6412646205545345,8.670288701560112,-0.1938375180701608,0.06027921387643627
47.35157456354315,55.279116824150634,1.6442785812483562,8.683419703192737,-0.161837816086144,0.07274775584738141
47.32776945853346,55.71271022819036,1.6479159690407252,8.698029469397339,-0.11566692498733064,0.10384824533125724
47.300029404959716,56.14676463508865,1.653108381307288,8.707346042234894,-0.07389725888278154,0.1429978092497775
47.26791623373289,56.58096169172767,1.660258271769777,8.72128016269525,-0.07837278392585884,0.1556967076557326
47.232860084177396,57.015631959059185,1.6680431071525637,8.732785992329655,-0.12645819095796715,0.1333421225169559
47.19675824826847,57.45082216414051,1.6747102132784115,8.733060408691692,-0.18312576429859392,0.0933064226360415
47.160572448599574,57.886069548705706,1.6793755344102137,8.722316903697616,-0.23245163645500921,0.04445128449746584
47.12486646256594,58.32087662936438,1.681598098635087,8.7163952674171,-0.23404732365782704,0.020401506095546282
47.08830621326245,58.75531783331466,1.6826181739398642,8.711357118505829,-0.22347510212403962,0.001997689433196715
47.05080562079264,59.189412195732494,1.682718058411524,8.708718063934455,-0.23630739688603497,-0.038102979258035796
47.01391400713456,59.623443343922354,1.6808129094486222,8.706655263292493,-0.2015034152964455,-0.04699409261180236
46.976130999837736,60.0572504071545,1.6784632048180321,8.702740751693884,-0.17458441158882104,-0.05959617708032683
46.938050290356216,60.49080582499089,1.6754833959640159,8.698084299823181,-0.10255548958010748,-0.032729288290881973
46.89770426001461,60.92386490655351,1.6738469315494717,8.692562011946789,-0.07807712121831892,-0.031644174231475794
46.85687794706746,61.356588881036245,1.672264722837898,8.682640576887527,-0.05260885342145163,-0.026290896786290444
46.81551973026872,61.78875439979082,1.6709501779985834,8.682700529540718,-0.015073776961350663,-0.006282920749507384
46.77286200124705,62.22078924493159,1.670636031961108,8.692071603613277,0.013434810577433363,0.014713045702197673
46.72887496281772,62.65316161175376,1.6713716842462178,8.690923499993005,0.000413924030619614,0.008156456723043434
46.6852233787322,63.0855097560102,1.67177950708237,8.692186498751171,-0.0065324398057356355,0.0038166948138147836
46.64173465937639,63.51793790413818,1.6719703418230607,8.692418810216425,-0.03170612590520848,-0.017656090916059866
46.59941449304704,63.950496430407654,1.6710875372772578,8.691779157953933,-0.0825766030257182,-0.06810023609055654
46.56001015277017,64.38331499231596,1.6676825254727299,8.686838050421349,-0.11326418568928676,-0.1173903784188064
46.5236308724185,64.8161677480957,1.6618130065517895,8.682065960719044,-0.11967599662350739,-0.15915228630524433
46.49013379216066,65.2490180973393,1.6538553922365273,8.684289127319088,-0.07372276357688624,-0.16499424487416964
46.45778322951968,65.68204144870579,1.645605679992819,8.688006031548943,0.025427793480024122,-0.12078735108864422
46.424048493183626,66.11513174645745,1.6395663124383868,8.690867597668895,0.1013698091558105,-0.07510420173159404
46.38913199043169,66.54829970052565,1.6358111023518072,8.690111959846353,0.09885311374674811,-0.07743517680381666
46.35597039028442,66.98156619219974,1.6319393435116163,8.692115978280082,0.11819646900236169,-0.062040749189606344
46.32351505463696,67.4149987447969,1.628837306052136,8.690939975716777,0.13161187968131133,-0.046274964590258386
46.2917381668813,67.84843227808145,1.626523557822623,8.674628930480926,0.19726288505960118,0.01844222831096555
46.25773218974009,68.2809410558387,1.6274456692381711,8.661983408719689,0.2465482096725196,0.08974270071865242
46.22090289151126,68.7126475061884,1.6319328042741037,8.641435188420882,0.2595309343975717,0.15000428494254775
46.18155169509441,69.14311920025729,1.6394330185212311,8.63483296898918,0.1982295676113894,0.1597938287265164
46.14205349717604,69.57316452434621,1.647422709957557,8.633815533033937,0.1074621567176543,0.1380103038189925
46.10364961466722,70.00317724362579,1.6543232251485065,8.638867224791552,0.07602400864499212,0.15029785324150022
46.063824714853546,70.433297568417,1.6618381178105814,8.635785248439785,0.028168826345440066,0.14681200570848205
46.023165521614494,70.86317055065132,1.6691787180960056,8.62960470357519,0.007600078259874236,0.15935901864934116
45.98040574448515,71.29252697509695,1.6771466690284726,8.624148743344492,-0.03359693061157548,0.1538710621005767
45.93630344005782,71.72147646221273,1.6848402221335015,8.61312132974453,-0.009621802139927214,0.19698804638207681
45.887774102641096,72.14938975069515,1.6946896244526053,8.609979656735042,-0.033926466125164936,0.20997252224944696
45.83625782749129,72.57679860078008,1.7051882505650777,8.590567702013416,-0.03652989952729313,0.24028494090550173
45.780516314233516,73.00269865172024,1.7172024976103528,8.55908836406198,-0.01019373890712938,0.2997893828205952
45.718588974149725,73.42614906013955,1.7321919667513825,8.520814780271207,0.004745343643815937,0.36302741229660196
45.64989180548202,73.84661483355278,1.7503433373662127,8.465186659745271,0.008781159945505792,0.42913966595402925
45.573872509735224,74.26299173301636,1.7718003206639141,8.43686730617497,-0.0651147817151856,0.4396249136228977
45.49284031722803,74.67699198479102,1.793781566345059,8.399722622863468,-0.12377316931661594,0.45370893536698587
45.405999209319454,75.08794851755748,1.8164670131134082,8.351722987132318,-0.16643822588531182,0.47430387110458155
45.312511405895876,75.49502035022724,1.8401822066686373,8.284332664789526,-0.17570312472186955,0.5189545438591773
45.21074030724406,75.89663613888791,1.8661299338615962,8.231636772984732,-0.23108405926772593,0.5278670051406216
45.101999661422106,76.29376153653736,1.8925232841186272,8.187818164876916,-0.29955554758664615,0.5172626241003289
44.9867573328051,76.68688296213367,1.9183864153236436,8.130710511460531,-0.3473430327401446,0.5108040615346975
44.86460644588821,77.07502199950859,1.9439266184003785,8.082555068028428,-0.4183483030872879,0.4745299176960238
44.736767007357535,77.45896712225687,1.9676531142851796,8.01743235036939,-0.4368581706316435,0.46495524918972236
44.601966863284424,77.83712593485134,1.9909008767446656,7.974108299225044,-0.4989240974784189,0.4122435659866963
44.46212954191412,78.21133689755689,2.0115130550440004,7.91427041781591,-0.48459061017736493,0.4060893103098851
44.3152372805421,78.57957448976263,2.031817520559495,7.806240285666099,-0.38555604494714085,0.47091025022094923
44.15886711284185,78.93771339131729,2.055363033070542,7.707216762125366,-0.3185807872387727,0.5277538933726098
43.993451642182606,79.28613042865551,2.0817507277391725,7.629712705786917,-0.2774666009540394,0.5761900577696271
43.81900276539191,79.62567622616328,2.110560230627654,7.575143250846857,-0.2892454216827073,0.5880073050594005
43.63675295106654,79.95801814443482,2.139960595880624,7.506897614928966,-0.2808802911723328,0.6138429078580324
43.44629898754502,80.28175924721053,2.1706527412735253,7.42855911704512,-0.25963866703792005,0.6514561605651479
43.24733451089728,80.59567069015971,2.2032255493017825,7.387629081180212,-0.31986378392754045,0.6229151381954087
43.041890965250815,80.90306520906925,2.234371306211553,7.36595143996021,-0.38536547019443596,0.5760620031149086
42.83022226976837,81.20507635332794,2.2631744063672983,7.338534158856714,-0.4290536961908082,0.5317641516620957
42.61250024074061,81.50120562368691,2.289762613950403,7.318159568569914,-0.5178427352574737,0.43679674003408586
42.39099411791709,81.7935993462178,2.3116024509521074,7.289844054743614,-0.6474482012000984,0.2837868026629389
42.1688929332619,82.08441475599531,2.3257917910852544,7.256996287382365,-0.6972993693993444,0.1622790554999431
41.94562853838873,82.37256153074046,2.3339057438602513,7.220405812488633,-0.7200910262283033,0.04385739241656772
41.72212159024564,82.65835275189578,2.3360986134810795,7.171142811070812,-0.7135149843796732,-0.0653572327529381
41.499457713523675,82.94164902812865,2.332830751843433,7.103974628920592,-0.7091331001814078,-0.18567692472505087
41.27988092477642,83.22309057987384,2.3235469056071802,7.062313286407236,-0.6176196494800095,-0.24085883359479457
41.06101113031464,83.5019100923532,2.3115039639274406,7.0338189573537715,-0.5086891977147072,-0.26910375913538803
40.84245686072248,83.77861836076018,2.2980487759706714,7.01093990455718,-0.35977686767481154,-0.24673075542366396
40.6228440421214,84.05243765200105,2.2857122381994883,6.982187122782326,-0.2893772329404276,-0.26404526911636744
40.40491017258482,84.32555213167952,2.27250997474367,6.924774940824422,-0.2873150642657067,-0.3283930901891377
40.192375229374285,84.5992609965936,2.2560903202342133,6.865131731598728,-0.2942255915858641,-0.40273988428367324
39.986517868063025,84.87433235601027,2.2359533260200295,6.808994704551348,-0.28590006028975956,-0.4682516616087244
39.78764578413029,85.15102760996298,2.212540742939593,6.740119098324149,-0.26776470872145475,-0.5264019344365493
39.5966408188649,85.4290012809123,2.1862206462177656,6.6541191081731865,-0.25796600268991965,-0.5892019908881552
39.415099823332,85.70811144885978,2.156760546673358,6.598185774392838,-0.21785276100917478,-0.6235974758698659
39.241734514616965,85.98900868644203,2.1255806728798645,6.52056361231737,-0.1864046634465586,-0.6575304330002961
39.07791823824324,86.27104674929372,2.09270415122985,6.413905024323719,-0.16247938600582343,-0.6901838115813943
38.92508289226611,86.55309780858947,2.05819496065078,6.328096215851197,-0.08154570986220838,-0.6659317512047276
38.780503837402264,86.83456810088396,2.0248983730905437,6.189661810530548,-0.07167008352410159,-0.6817321601478317
38.64796770018926,87.11425863908053,1.990811765083152,6.10142825613424,0.002982717230305673,-0.6332960655412349
38.523431168887186,87.39275323781565,1.9591469618060904,6.01377430693144,0.05625657182491346,-0.5834317453645865
38.4069682915253,87.66998601679038,1.929975374537861,5.942249054127316,0.1295651308850399,-0.5017928206673521
38.29646669350639,87.94586130418726,1.9048857335044933,5.868531606222741,0.13372732073971205,-0.46176780883225343
38.193932787246574,88.2208716014326,1.8817973430628807,5.817575297723311,0.10412015828016175,-0.4475428584495531
38.09996419336524,88.4962031501953,1.859420200140403,5.73613036101806,0.07079795657507398,-0.44010345127404654
38.01493603541433,88.7701387667708,1.8374150275767007,5.624933443107593,-0.025815137382775716,-0.48999322354136443
37.94208081053659,89.0417883072817,1.8129153663996325,5.519870876650275,-0.0984318353905859,-0.5328001489532226
37.880686528732156,89.31091169991879,1.7862753589519713,5.419359426928345,-0.13140858664513544,-0.5507081884601525
37.82916788379934,89.57701814715652,1.7587399495289637,5.338923101979359,-0.16276275664048062,-0.5681635041996181
37.78728672700411,89.84078404281968,1.7303317743189828,5.263155476125695,-0.1847239433517346,-0.5793854379925715
37.75460050450841,90.10206728398099,1.7013625024193542,5.181315076207346,-0.19396810077965876,-0.5804733717224871
37.730487159484376,90.36019064683175,1.67233883383323,5.091253628466176,-0.19656177297539787,-0.5742318491337535
37.71446008864122,90.61443832745067,1.6436272413765423,5.022528568842585,-0.17021978850030933,-0.5399603774557287
37.704674912892806,90.86551833529411,1.6166292225037557,4.935875174017934,-0.15665221405535434,-0.5108478113276735
37.70119198539072,91.11241179073623,1.591086831937372,4.860559363407672,-0.15382961108546375,-0.4862836379521746
37.703951060809025,91.35554578607415,1.5667726500397634,4.823384590277175,-0.13886462396203592,-0.4493823723795257
37.71186462020626,91.59668512608619,1.5443035314207871,4.8006056209941335,-0.15414738727470498,-0.4369561225409645
37.72592761422311,91.83642701137659,1.522455725293739,4.791479431663441,-0.1712474677816175,-0.4300489390259596
37.74605662514322,92.07530736849614,1.500953278342441,4.7321946943974185,-0.22217869015965072,-0.45736812524367154
37.77365058871985,92.31056498933815,1.4780848720802575,4.651390636463184,-0.26695086030543913,-0.4866948089027173
37.80847179302318,92.54090002307781,1.4537501316351216,4.595953089611105,-0.2679723804242551,-0.48257648971980127
37.84861430682619,92.76756070246887,1.4296213071491315,4.5590899689224305,-0.2277502818681274,-0.44196510902869635
37.89196321953948,92.99164506293525,1.4075230516976966,4.5193443862152325,-0.14973610105073354,-0.36425440428480016
37.936081157316586,93.2133900606674,1.3893103314834567,4.473785388816508,-0.013754042106056713,-0.22800182092780613
37.97713154597584,93.43328146065403,1.3779102404370664,4.425831695269018,-0.04134367117907728,-0.2158347815534745
38.02158027635542,93.65007294826974,1.3671185013593927,4.362759695961234,0.013031026386786805,-0.14273642099238482
38.06506550703451,93.86383365477042,1.3599816803097735,4.291387769334349,0.02417279473529392,-0.10317739254654798
38.108783682062274,94.0739055578161,1.354822810682446,4.211930011657124,0.09098987243417453,-0.019695122836044493
38.14947038050507,94.28058447914042,1.3538380545406439,4.162600272105119,0.017170951912563015,-0.05240200856972994
38.1934340692125,94.48402005553386,1.3512179541121574,4.107521642732859,-0.08546433169125606,-0.123264851498122
38.24233931913131,94.68353414532241,1.3450547115372513,3.9235140437328617,-0.27470314119704686,-0.2815279108698412
38.29963584797602,94.87165822259651,1.3309783159937592,3.794200044932235,-0.38206207446417817,-0.38726025943183384
38.36325327357666,95.0514014747208,1.3116153030221676,3.725826649071801,-0.40088050405637854,-0.4207776504372872
38.43037225444631,95.22633364986501,1.2905764205003032,3.6311388260058064,-0.42743425324130946,-0.4574541108957877
38.501123011503886,95.39489818769016,1.2677037149555137,3.5504301787676438,-0.45463491049143,-0.48833098460522906
38.575804024359996,95.55754309141953,1.2432871657252522,3.4394035919274684,-0.4986011364641765,-0.5316456626795468
38.65472929066291,95.71235282219455,1.216704882591275,3.3712019901990264,-0.4973105547865845,-0.5323510892400353
38.73649845382195,95.8618339433197,1.1900873281292732,3.331082581211926,-0.4955889999843435,-0.525873916635893
38.82139171348776,96.00725551500942,1.1637936322974785,3.256229312357534,-0.505960252880805,-0.5325574912895196
38.909073495327355,96.14675271180496,1.1371657577330025,3.2512497327289482,-0.4569925916021909,-0.4821775575818699
38.99811187966917,96.28466875056469,1.113056879853909,3.2492928920628907,-0.43090198595582524,-0.45004648868257785
39.08923559555769,96.42088703293695,1.0905545554197802,3.2115977073529565,-0.4167224219705876,-0.43344650740128615
39.18190168365352,96.55367648900983,1.0688822300497158,3.1394368921193427,-0.4784654087621817,-0.47919107642024034
39.27839418753818,96.6797783508578,1.0449226762287038,3.072261966876572,-0.5234761147221676,-0.5138553691042121
39.37814052178742,96.79949769304335,1.0192299077734932,3.0337026667600253,-0.5163490661280439,-0.5059030070977779
39.479615715468725,96.91515972500862,0.9939347574186043,3.030380034728848,-0.34388297721586136,-0.3560748074780079
39.57666534761811,97.03278206787733,0.9761310170447038,3.00354770533892,-0.28033149125016843,-0.2928490277580173
39.672409890920896,97.14932688258749,0.961488565656803,2.9536665785401306,-0.2609662151648062,-0.26808119294893107
39.76762924376703,97.26296621952751,0.9480845060093565,2.908980910597713,-0.22368369542099015,-0.22916886513358034
39.861545872730666,97.37459138532203,0.9366260627526775,2.8515009590326676,-0.23902392390998276,-0.2352320022123745
39.95565036511879,97.48236345916905,0.9248644626420587,2.7848705648985246,-0.3129410340532631,-0.2920314280368705
40.05196179245323,97.5841362421215,0.9102628912402152,2.7612927697577416,-0.35574675174494663,-0.32331638033095966
40.150715757754,97.68224785263018,0.8940970722236672,2.736386471012175,-0.33909932082547384,-0.30954144262348193
40.24961400657385,97.77830062224498,0.8786200000924931,2.6260783024805434,-0.4305316805521193,-0.3879472318743551
40.349986455842355,97.86564753618381,0.8592226384987753,2.548003355264344,-0.41166581357211224,-0.37666454611670624
40.44877057692457,97.94869072990414,0.84038941119294,2.4661437558620443,-0.38617853964235405,-0.35522280069042383
40.54542105628809,98.02766023073481,0.8226282711584187,2.3722193760896735,-0.4132543844553322,-0.3731832847275672
40.64125622500278,98.10053773291378,0.8039691069220404,2.286826440601204,-0.4137344422825982,-0.3697505164746456
40.735489238892406,98.1685231540619,0.7854815810983081,2.2149938141457217,-0.3536629255977548,-0.31593932657105817
40.82629947898632,98.23433871413853,0.7696846147697552,2.1768678554572136,-0.2980234845853542,-0.25945941571129255
40.9148330628007,98.2993828044212,0.7567116439841907,2.1635044051940033,-0.2369287524875157,-0.20005654877732398
41.00161998038545,98.36503527808947,0.7467088165453245,2.136286473064206,-0.19336737800437423,-0.1616727904893248
41.08658105210966,98.4304905558458,0.7386251770208583,2.0825340331238262,-0.17508334460983407,-0.14731751259557319
41.16946573869682,98.49412336319425,0.7312593013910796,2.0709212915676365,-0.13583181564579502,-0.1109615560683204
41.25107407268686,98.558216990166,0.7257112235876636,1.9284468800679577,0.07819934754038407,0.06682454518480946
41.32060572802398,98.62513414173479,0.7290524508469041,1.7473252847323966,0.2661445069202819,0.2245371979724523
41.37689922411268,98.69325894390833,0.7402793107455267,1.6578071040983446,0.3570102495179867,0.2907650481485804
41.4260554654443,98.76234668319539,0.7548175631529557,1.6691673827787898,0.27511170084043424,0.20943196883500978
41.47742153505417,98.82954818907147,0.7652891615947062,1.7026043302215634,0.12525327395099764,0.08092647581705587
41.53447748849673,98.89303828984768,0.769335485385559,1.7237709084137594,-0.0712215627091991,-0.0759714979680658
41.59887031389792,98.95043786019514,0.7655369104871557,1.774054576923668,-0.21063464123051304,-0.1724610382656211
41.67012359814029,99.00430864049068,0.7569138585738746,1.8211834886306641,-0.3106630799333514,-0.24102635094702135
41.746986179145814,99.05554530473033,0.7448625410265235,1.890565149660218,-0.3735029200709282,-0.2820494457764456
41.829140901806866,99.10589363226475,0.7307600687377012,1.9463252212512374,-0.44167749938126466,-0.3338785548011641
41.91634871049562,99.15440085136204,0.714066140997643,2.038094644579517,-0.4651117766464026,-0.34689640950432443
42.008589006825645,99.20356511272685,0.6967213205224267,2.1167061227468915,-0.5050251839654581,-0.37980801052650803
42.10596332054367,99.25211386290877,0.6777309199961014,2.2017282841564523,-0.5337308727150437,-0.40355513473650445
42.20845354596746,99.30035226977446,0.6575531632592762,2.289852795541967,-0.5560299239844343,-0.4233279880043495
42.31606510758797,99.34832350656944,0.6363867638590587,2.3795036217479386,-0.5744789431178801,-0.4411474390415956
42.42882114962148,99.39592848361944,0.6143293919069789,2.462318887330299,-0.588543627901023,-0.45789211509189987
42.54638873740393,99.44284710535038,0.5914347861523839,2.5402770098480367,-0.5999142584925927,-0.4732245643091926
42.668552403917424,99.48876332900547,0.5677735579369243,2.622886040484722,-0.6114669033567901,-0.48732744467933464
42.795561218489915,99.53351060164935,0.5434071857029575,2.713728681691775,-0.6238857935204847,-0.5012234039893895
42.92783146138508,99.57696718857741,0.518346015503488,2.8042734622273167,-0.6348267225267977,-0.51565408779574
43.06535269945359,99.61886343693656,0.492563311113701,2.894526047111146,-0.6444731612156285,-0.530169331963022
43.20811257792891,99.65890945833748,0.4660548445155499,2.9844500533709724,-0.6529168584841551,-0.544582706593613
43.35609012210181,99.6968007869425,0.4388257091858693,3.0739951179321947,-0.6602050028793365,-0.5588127909705676
43.509252300181124,99.73222166755333,0.4108850696373409,3.1631064797129893,-0.6663620977038939,-0.5728212711895754
43.66755193454229,99.76484724615769,0.38224400607786213,3.2510826999695897,-0.6712630317020755,-0.5865879341111216
43.83089370130673,99.79433960414582,0.35291460937230607,3.3391633025123144,-0.6752243989583165,-0.6000530571901086
43.99923115369625,99.82036557189899,0.32291195651280064,3.4266375495186856,-0.6780742410472322,-0.6132775268178584
44.17246645311476,99.84258279417669,0.29224808017190773,3.513450229115174,-0.6798187697975456,-0.6262432319191922
44.35048318955429,99.86064537228762,0.2609359185759481,3.599696532573974,-0.6802671795183397,-0.6387701598418126
44.53315027360433,99.87421676904863,0.22899741058385747,3.6849727210923726,-0.6798890236614331,-0.6512369984405357
44.720305783943424,99.88293442635651,0.19643556066183068,3.769427205204856,-0.6784118459531492,-0.6633982191975942
44.91177299735047,99.88645101707918,0.16326564970195095,3.8529964184767174,-0.6758567583683518,-0.6752529505186403
45.10735364285436,99.88442111539514,0.12950300217601893,3.935618289185718,-0.6722454104559404,-0.6867990380816629
45.306827486190876,99.87650285487342,0.09516305027193578,4.017231952157097,-0.6676009851752395,-0.6980336645209599
45.50995202303669,99.86235960159591,0.06026136704588778,4.097777671504739,-0.661948819021046,-0.7089537579987119
45.71646228922769,99.841661650781,0.024813679145952186,4.1755959479434255,-0.6550558851426743,-0.7195562675409524
45.92599044904238,99.81409900254965,-0.011164134231095434,4.253221525605455,-0.6474605566671033,-0.7297513281579256
46.138276863325515,99.77935386466544,-0.04765170063899172,4.390146510441371,-0.4742315413540291,-0.6001426811138686
46.356405550638584,99.74521326396822,-0.07765883469468515,4.512103641655693,-0.3364673920215966,-0.4897330702843546
46.58002560355221,99.71093796845896,-0.10214548820890289,4.622670220437319,-0.1990345830490896,-0.3713405063741392
46.80893961619817,99.67746989942674,-0.12071251352760985,4.703690212668842,-0.01664301562312409,-0.20590771173421818
47.042312502438755,99.64832298733384,-0.13100789911432076,4.726632695245062,0.19436902243599963,-0.0014036932019511894
47.27788850307763,99.62708533669638,-0.13107808377441832,4.776779394713963,0.31474188598134634,0.1446192831464068
47.51673549357585,99.61147044856581,-0.12384711961709798,4.827626271843989,0.40193333434100315,0.2691725079255766
47.7587505622457,99.60159517128572,-0.11038849422081914,4.871694278170226,0.4736152997505541,0.3837643038628848
48.003461445459244,99.5982974270362,-0.0912002790276749,4.898620608126092,0.5419017580212075,0.49735327000069457
48.24984223135344,99.60297308596489,-0.06633261552764017,4.936389540686929,0.5802843829045861,0.5871991783814039
48.49804208063498,99.61556331919292,-0.036972656608569965,4.9841579616968,0.5954155951674511,0.6561958500978914
48.74818012140875,99.63610197428875,-0.004162864103675397,5.03810552193185,0.5947531238722185,0.7091133679666979
49.00020700828407,99.66479072841166,0.0312928042946595,5.09993973293703,0.5774628445493589,0.7446824670348053
49.25417577940958,99.70162800347458,0.06852692764639977,5.158577564423437,0.5615100497279131,0.7770753118081173
49.509576862835594,99.7472988546284,0.10738069323680563,5.225278622360405,0.5326389204839435,0.7953068366929055
49.766481709866504,99.80177822525896,0.1471460350714509,5.289220855058703,0.5045204874672286,0.8104718374603262
50.024386336450036,99.8655057626856,0.18766962694446723,5.352225891500134,0.4752123920696981,0.8215114878677923
50.28286580870014,99.93877741104538,0.22874520133785686,5.421828845086177,0.43632329289044497,0.8216282947048309
50.541948840926565,100.02149680124911,0.26982661607309844,5.470690046732853,0.41996977509306005,0.837517295202028
50.79998863151059,100.11465004581895,0.31170248083319985,5.5180440596284495,0.3999119228622139,0.849302897039868
51.05646364921159,100.21829566690539,0.3541676256851932,5.581032293670528,0.3628039137837596,0.84504476161221
51.31190486482519,100.33208782710534,0.39641986376580374,5.635814900922665,0.33516444220960334,0.8461095513456336
51.56537187204104,100.45635100851881,0.43872534133308544,5.690462551458093,0.3068063033677209,0.8449307168249222
51.816432562059674,100.59109990580818,0.48097187717433154,5.742888838018409,0.2803929666009529,0.8437936716710137
52.064513171325004,100.73637375879085,0.5231615607578822,5.777925163933743,0.27121048158131195,0.8558992856477805
